Source,Target
一,左
一,三
一,正
一,天
一,二
一,百
一,本
一,右
一,夏
一,画
一,元
一,首
一,西
一,同
一,寒
一,具
一,事
一,着
一,丁
一,定
一,面
一,様
一,両
一,観
一,差
一,司
一,末
一,未
一,興
一,妻
一,再
一,在
一,制
一,武
一,貴
一,勤
一,后
一,冊
一,至
一,専
一,存
一,拝
一,覧
一,監
一,恵
一,遣
一,互
一,更
一,獣
一,是
一,弐
一,麗
一,衰
一,吏
一,霊
一,亜
一,呉
一,甚
一,斉
一,喪
一,曹
一,賓
一,丙
一,畏
一,釜
一,塞
一,旦
一,寅
一,淵
一,其
一,徽
一,亙
一,亘
一,爾
一,而
一,丞
一,嚢
一,鳳
一,輿
一,婁
一,或
一,澂
一,鑒
一,弌
一,丕
一,亟
一,兀
一,兪
一,冉
一,卅
一,卮
一,弖
一,愨
一,戌
一,戛
一,戞
一,搴
一,黴
一,閂
一,蠹
一,寨
一,蹇
一,爰
一,轂
一,騫
一,熏
一,謇
一,襄
一,菫
一,賽
一,辷
一,齒
一,气
一,无
一,亊
一,册
一,惠
一,廾
一,齊
一,兩
一,聽
一,拜
一,歹
一,埀
一,妛
一,尢
一,鬲
一,壽
一,專
一,對
一,巵
一,晉
一,畫
一,睿
一,羮
一,肅
一,與
一,覽
一,貮
一,穀
一,賓
一,德
一,徵
一,囊
一,帀
一,鼉
一,丅
一,丌
一,丄
一,丒
一,㐁
一,两
一,㞢
一,叓
一,亏
一,亐
一,亍
一,髙
一,鮺
一,鯗
一,鰴
一,鶱
一,鷇
一,靣
一,凬
一,鍿
一,镸
一,觳
一,譼
一,䜭
一,賮
一,輺
一,衟
一,縠
一,蕐
一,葘
一,褰
一,㐮
一,瑴
一,甩
一,畐
一,畺
一,益
一,睘
一,糓
一,㦯
一,擥
音,暗
音,意
音,響
音,韻
音,闇
音,韵
音,黯
音,韶
音,諳
音,竟
音,響
音,鶕
音,韴
音,韷
音,韸
音,韺
音,瘖
音,窨
音,愔
音,戠
立,音
立,章
立,童
立,位
立,泣
立,翌
立,端
立,粒
立,辛
立,竜
立,拉
立,竪
立,竣
立,妾
立,靖
立,笠
立,颯
立,苙
立,竍
立,竏
立,竓
立,竕
立,竚
立,站
立,竡
立,竢
立,竦
立,竭
立,竰
立,翊
立,龍
立,竝
立,柆
立,鴗
立,䬃
立,鉝
立,霠
立,竩
立,砬
立,竌
立,竎
立,竑
立,竘
立,竛
立,竧
立,竫
立,竨
立,竬
立,竱
立,竴
立,攱
立,昱
日,音
日,早
日,時
日,春
日,書
日,星
日,晴
日,電
日,明
日,曜
日,暗
日,者
日,昔
日,暑
日,昭
日,果
日,景
日,最
日,昨
日,単
日,易
日,旧
日,暴
日,映
日,専
日,暖
日,晩
日,暮
日,暇
日,恵
日,更
日,香
日,旨
日,旬
日,是
日,替
日,曇
日,普
日,冒
日,暦
日,掲
日,暫
日,晶
日,昇
日,謁
日,喝
日,渇
日,褐
日,暁
日,昆
日,縄
日,挿
日,曹
日,竜
日,曖
日,旺
日,亀
日,隙
日,曽
日,旦
日,昧
日,晦
日,旭
日,昂
日,晃
日,昏
日,晒
日,曙
日,昌
日,晋
日,竃
日,智
日,沓
日,曝
日,蝿
日,魯
日,勗
日,搨
日,旱
日,杲
日,昊
日,昃
日,晟
日,晁
日,晏
日,昴
日,昶
日,昵
日,杳
日,旻
日,晞
日,晤
日,晧
日,晨
日,晢
日,晰
日,暈
日,暉
日,曩
日,曦
日,曠
日,昿
日,曚
日,曄
日,暾
日,暹
日,暝
日,暘
日,暄
日,榻
日,曷
日,曾
日,曼
日,汨
日,衵
日,耆
日,曉
日,暸
日,亰
日,會
日,單
日,惠
日,專
日,晄
日,晉
日,暃
日,暎
日,暼
日,暑
日,晚
日,曆
日,晳
日,晣
日,馹
日,亯
日,䵒
日,鰨
日,凬
日,鈤
日,闒
日,阳
日,䛕
日,蹋
日,遢
日,㬰
日,䑽
日,茰
日,虩
日,蠺
日,旳
日,晥
日,暭
日,暤
日,昷
日,抇
日,㫖
日,旰
日,旴
日,旲
日,旵
日,昀
日,昖
日,㫟
日,昕
日,昑
日,昍
日,昈
日,旿
日,昻
日,昦
日,昒
日,㫚
日,昬
日,曻
日,昄
日,旼
日,昉
日,昘
日,昹
日,昱
日,昫
日,昡
日,昝
日,昰
日,旾
日,昮
日,昚
日,昣
日,甠
日,㫤
日,昳
日,昩
日,昲
日,昺
日,昞
日,昪
日,昢
日,昤
日,晐
日,晈
日,晑
日,晆
日,晅
日,晎
日,时
日,旹
日,晊
日,晌
日,㬜
日,晠
日,晀
日,晗
日,晘
日,晛
日,晜
日,晙
日,晡
日,㫰
日,晻
日,晹
日,晼
日,暀
日,晷
日,晵
日,晬
日,晭
日,晿
日,暒
日,晱
日,晫
雨,雲
雨,雪
雨,電
雨,需
雨,震
雨,霧
雨,雷
雨,露
雨,零
雨,霊
雨,霜
雨,雰
雨,霞
雨,雫
雨,霸
雨,雹
雨,霄
雨,霈
雨,霆
雨,霓
雨,霎
雨,霑
雨,霙
雨,霏
雨,霖
雨,霪
雨,霤
雨,靂
雨,霰
雨,霹
雨,霽
雨,霾
雨,靄
雨,霍
雨,蘎
雨,雩
雨,䨮
雨,雯
雨,雱
雨,霶
雨,雺
雨,靁
雨,霅
雨,霃
雨,霉
雨,霂
雨,䨩
雨,霛
雨,霠
雨,霔
雨,䬠
雨,霝
雨,霣
雨,霢
雨,霡
雨,霨
雨,霩
雨,霫
雨,霚
雨,霱
雨,霳
雨,霿
雨,靃
雨,靇
雨,靊
雨,霻
雨,靎
雨,靍
円,靑
王,玉
王,理
王,球
王,主
王,全
王,望
王,現
王,皇
王,聖
王,班
王,環
王,狂
王,徴
王,珍
王,珠
王,呈
王,旺
王,玩
王,斑
王,璃
王,瑠
王,弄
王,瑛
王,珂
王,玖
王,匡
王,珪
王,瑚
王,瑳
王,珊
王,閏
王,瑞
王,琢
王,琉
王,琳
王,玲
王,澂
王,璢
王,枉
王,汪
王,珈
王,珀
王,玻
王,珮
王,珥
王,珞
王,琅
王,瑯
王,琥
王,琲
王,琺
王,玳
王,瑙
王,瑁
王,瑕
王,瑜
王,瑶
王,瑣
王,瑪
王,瑰
王,璋
王,瑾
王,璞
王,瓊
王,瓔
王,瓏
王,琿
王,珱
王,鬥
王,瑤
王,聽
王,抂
王,珎
王,珸
王,琢
王,瑇
王,丟
王,鳿
王,頊
王,迋
王,玊
王,玎
王,玐
王,玗
王,玕
王,玘
王,玔
王,玓
王,玠
王,玨
王,珏
王,玪
王,玦
王,玥
王,玜
王,玫
王,玭
王,玟
王,玞
王,玢
王,珆
王,玵
王,玽
王,玿
王,珅
王,玷
王,珌
王,㻫
王,珉
王,瑉
王,珋
王,珙
王,珦
王,珝
王,珩
王,珖
王,珓
王,玼
王,珣
王,珒
王,珧
王,珴
王,琓
王,琀
王,珺
王,琄
王,琇
王,珿
王,珹
王,琁
王,珵
王,珽
王,珶
王,珻
王,琊
王,琬
王,琰
王,琯
王,琦
王,琪
王,琚
王,琨
王,琖
王,琩
王,琮
王,琤
王,琱
王,琛
王,珷
王,珐
王,琫
王,琭
王,瑋
王,瑀
王,瑗
王,瑍
王,瑊
王,瑝
王,瑆
王,瑄
王,瑃
王,瑑
王,㻞
王,瑒
王,瑓
王,瑦
王,瓌
王,瑴
王,琑
王,瑧
王,瑨
王,瑲
王,瑵
王,瑱
王,瑫
王,瑭
王,瑢
王,瑮
王,璆
王,璈
王,璀
王,璇
王,璁
王,璅
王,璊
王,璉
王,璏
王,璣
王,璟
王,璚
王,璖
王,璜
王,璡
王,璒
王,璠
王,璑
王,璙
王,璘
王,璦
王,璯
王,璩
王,璥
王,璨
王,璱
王,璲
王,璪
王,璮
王,璫
王,璐
王,琼
王,璹
王,璻
王,璿
王,瓀
王,璸
王,璵
王,瓋
王,瓄
王,瓈
王,瓐
王,瓖
王,瓓
王,瓘
王,瓚
王,瓉
王,瓛
火,秋
火,畑
火,焼
火,灯
火,災
火,燃
火,灰
火,煙
火,燥
火,爆
火,炎
火,炊
火,炉
火,煩
火,焔
火,灸
火,燦
火,灼
火,燭
火,煽
火,煤
火,焚
火,熔
火,燐
火,煉
火,烟
火,燮
火,耿
火,炙
火,炒
火,炸
火,炮
火,炬
火,炳
火,炯
火,烱
火,烙
火,烽
火,焜
火,焙
火,煥
火,煌
火,煬
火,煖
火,熕
火,熄
火,熨
火,熾
火,燉
火,燔
火,燗
火,燎
火,燵
火,燧
火,燠
火,燬
火,燹
火,燿
火,燼
火,燻
火,爍
火,爛
火,爨
火,狄
火,燈
火,燒
火,爐
火,焰
火,齌
火,鈥
火,阦
火,灵
火,䎡
火,疢
火,秌
火,灶
花,椛
花,錵
花,糀
花,硴
花,埖
花,誮
艹,花
艹,草
艹,茶
艹,荷
艹,漢
艹,苦
艹,薬
艹,葉
艹,落
艹,英
艹,芽
艹,芸
艹,菜
艹,満
艹,備
艹,夢
艹,勤
艹,若
艹,蒸
艹,蔵
艹,著
艹,難
艹,芋
艹,菓
艹,荒
艹,芝
艹,薪
艹,嘆
艹,蓄
艹,薄
艹,茂
艹,華
艹,菊
艹,葬
艹,藩
艹,苗
艹,芳
艹,菌
艹,謹
艹,茎
艹,繭
艹,薦
艹,荘
艹,藻
艹,萎
艹,茨
艹,苛
艹,蓋
艹,葛
艹,芯
艹,藤
艹,蔽
艹,蔑
艹,藍
艹,葦
艹,蔚
艹,蔭
艹,苑
艹,薗
艹,茄
艹,芥
艹,苅
艹,莞
艹,菅
艹,萱
艹,葵
艹,韮
艹,蕎
艹,芹
艹,荊
艹,蕨
艹,菰
艹,藁
艹,蓑
艹,薩
艹,蒜
艹,蒔
艹,萩
艹,葺
艹,蒐
艹,薯
艹,藷
艹,菖
艹,蒋
艹,蕉
艹,茸
艹,荏
艹,蘇
艹,蕊
艹,蕋
艹,蘂
艹,苫
艹,茜
艹,苒
艹,葱
艹,蒼
艹,藪
艹,薮
艹,苔
艹,薙
艹,苧
艹,蔦
艹,荻
艹,菟
艹,莵
艹,萄
艹,董
艹,蕩
艹,芭
艹,莫
艹,蕃
艹,蔓
艹,芙
艹,蒲
艹,葡
艹,蔀
艹,蕪
艹,菩
艹,萌
艹,萠
艹,蓬
艹,茅
艹,蒙
艹,蓉
艹,莱
艹,蘭
艹,葎
艹,苓
艹,菱
艹,蓮
艹,蕗
艹,葢
艹,蘗
艹,甍
艹,鞴
艹,糒
艹,艾
艹,芍
艹,芒
艹,芫
艹,芟
艹,芬
艹,苡
艹,苳
艹,茉
艹,苜
艹,苻
艹,苣
艹,范
艹,苞
艹,苙
艹,苟
艹,苹
艹,茆
艹,苴
艹,苺
艹,莓
艹,茴
艹,茯
艹,茱
艹,荀
艹,荅
艹,茲
艹,茹
艹,茵
艹,荐
艹,茗
艹,茘
艹,茫
艹,莚
艹,莢
艹,莪
艹,莟
艹,莎
艹,莅
艹,蒭
艹,茣
艹,莨
艹,荳
艹,莠
艹,荼
艹,荵
艹,莉
艹,菽
艹,萢
艹,菠
艹,菎
艹,菴
艹,菲
艹,萃
艹,萍
艹,菫
艹,菁
艹,菘
艹,莽
艹,萼
艹,葩
艹,葷
艹,萸
艹,萵
艹,葯
艹,葭
艹,葆
艹,蒿
艹,蓙
艹,蒟
艹,蓖
艹,蒡
艹,蓍
艹,蓆
艹,蒹
艹,蓁
艹,蓐
艹,蒻
艹,蓼
艹,蔗
艹,蔔
艹,蔡
艹,蔘
艹,蔟
艹,蓴
艹,蓿
艹,蔕
艹,蒂
艹,蔬
艹,蕘
艹,蕕
艹,蕣
艹,蕁
艹,蕈
艹,蕀
艹,薊
艹,蕷
艹,蕾
艹,薔
艹,薨
艹,薀
艹,薑
艹,薜
艹,薛
艹,薈
艹,薇
艹,薐
艹,薤
艹,蕭
艹,藉
艹,薹
艹,薺
艹,藐
艹,藕
艹,藜
艹,蘊
艹,藾
艹,蘢
艹,藺
艹,藹
艹,蘋
艹,蘆
艹,芦
艹,蘚
艹,蘿
艹,藥
艹,葫
艹,萬
艹,茖
艹,莖
艹,莇
艹,莊
艹,萓
艹,萋
艹,菷
艹,蓊
艹,蘰
艹,蘓
艹,藏
艹,蓚
艹,葹
艹,葮
艹,蒄
艹,萇
艹,蔆
艹,菻
艹,萪
艹,蕚
艹,著
艹,薰
艹,萊
艹,蔣
艹,虀
艹,蘎
艹,蔴
艹,韛
艹,雚
艹,荕
艹,萗
艹,䔍
艹,艽
艹,芁
艹,艿
艹,芀
艹,艻
艹,芉
艹,芄
艹,芑
艹,芎
艹,芐
艹,芓
艹,䒕
艹,芊
艹,芖
艹,芏
艹,芇
艹,芃
艹,芅
艹,芛
艹,芺
艹,芲
艹,芪
艹,芰
艹,芨
艹,芩
艹,芵
艹,芡
艹,芤
艹,芷
艹,芿
艹,苆
艹,芮
艹,芧
艹,芚
艹,芘
艹,芣
艹,芾
艹,芴
艹,芠
艹,芼
艹,苢
艹,苷
艹,茍
艹,苘
艹,苽
艹,茁
艹,茋
艹,茌
艹,菭
艹,苕
艹,苐
艹,苨
艹,苶
艹,茇
艹,苤
艹,苾
艹,苠
艹,茀
艹,苪
艹,苯
艹,苚
艹,苭
艹,䒾
艹,茟
艹,荢
艹,荄
艹,䒷
艹,荁
艹,荍
艹,茥
艹,茭
艹,荇
艹,莕
艹,茩
艹,茳
艹,茛
艹,茊
艹,茈
艹,茡
艹,茬
艹,茺
艹,茙
艹,荗
艹,茮
艹,荃
艹,荈
艹,荎
艹,茽
艹,荑
艹,茼
艹,茷
艹,荂
艹,䒽
艹,荔
艹,茢
艹,荖
艹,蕐
艹,莧
艹,莃
艹,莍
艹,莒
艹,荚
艹,莙
艹,莄
艹,䓔
艹,莝
艹,莘
艹,茞
艹,莀
艹,荽
艹,荾
艹,荿
艹,莦
艹,莌
艹,莜
艹,莛
艹,蔐
艹,藡
艹,荰
艹,莆
艹,莩
艹,莬
艹,莂
艹,莔
艹,荸
艹,蒞
艹,葊
艹,菀
艹,菸
艹,菏
艹,菡
艹,䓿
艹,萁
艹,蘜
艹,蓳
艹,萙
艹,菤
艹,菇
艹,莿
艹,茝
艹,菆
艹,菨
艹,萑
艹,菥
艹,菹
艹,葅
艹,萐
艹,萏
艹,菼
艹,菂
艹,菾
艹,菪
艹,菝
艹,萉
艹,菔
艹,荓
艹,萆
艹,菢
艹,菶
艹,菵
艹,莾
艹,䔖
艹,菉
艹,䓞
艹,葳
艹,葜
艹,萿
艹,葀
艹,葌
艹,菣
艹,葪
艹,萲
艹,蕿
艹,藼
艹,蘐
艹,葟
艹,葒
艹,葓
艹,葈
艹,葸
艹,葘
艹,菑
艹,葇
艹,蒁
艹,葙
艹,葚
艹,葰
艹,葠
艹,蓡
艹,葴
艹,蒅
艹,莭
艹,葏
艹,葥
艹,葄
艹,塟
艹,葼
艹,葤
艹,葶
艹,葖
艹,葞
艹,萯
艹,葍
艹,葐
艹,萹
艹,葑
艹,葧
艹,茰
艹,葽
艹,蒕
艹,蒽
艹,蒦
艹,䔈
艹,蓇
艹,蓌
艹,䔋
艹,蒴
艹,蒒
艹,蒺
艹,蒓
艹,蒠
艹,蒨
艹,蔳
艹,蒩
艹,蓀
艹,蓎
艹,蓜
艹,蓓
艹,蒪
艹,蒱
艹,蓂
艹,蒾
艹,蓏
艹,蒗
艹,蓈
艹,䕃
艹,蔫
艹,蓲
艹,蔊
艹,蔇
艹,蔃
艹,蓺
艹,蔲
艹,蔜
艹,蔛
艹,蓰
艹,蓻
艹,蔠
艹,蓯
艹,蔧
艹,蔎
艹,蔪
艹,蔥
艹,蔌
艹,蓷
艹,蓨
艹,蓧
艹,蔯
艹,蓪
艹,蔢
艹,蓽
艹,蔤
艹,蔈
艹,蓱
艹,薎
艹,蓩
艹,蔂
艹,蔞
艹,蔶
艹,蔿
艹,蕓
艹,蕑
艹,蕳
艹,䕀
艹,蕢
艹,蕖
艹,蕙
艹,蕞
艹,蕠
艹,蕤
艹,蕝
艹,蕏
艹,蕆
艹,蕫
艹,蕟
艹,蕒
艹,蕜
艹,蔾
艹,薆
艹,薁
艹,蕸
艹,薖
艹,薢
艹,薌
艹,蘍
艹,蕻
艹,薧
艹,薅
艹,蕼
艹,薋
艹,蕺
艹,䔥
艹,薥
艹,薓
艹,薝
艹,薘
艹,蕽
艹,薠
艹,薭
艹,蕡
艹,蕹
艹,薏
艹,薟
艹,﨟
艹,薉
艹,薳
艹,薿
艹,藑
艹,藳
艹,蕯
艹,薾
艹,薷
艹,薽
艹,藎
艹,萕
艹,薱
艹,藋
艹,薼
艹,薴
艹,薸
艹,藊
艹,藇
艹,藙
艹,藭
艹,藠
艹,藚
艹,䕨
艹,藨
艹,藦
艹,藘
艹,䕡
艹,藟
艹,蘽
艹,藿
艹,蘄
艹,蘁
艹,蘅
艹,薻
艹,蘀
艹,蘑
艹,薲
艹,蘉
艹,䕲
艹,藶
艹,蘛
艹,蘡
艹,蘙
艹,蘤
艹,蘧
艹,蘘
艹,蘩
艹,䕷
艹,蘦
艹,蘞
艹,蘶
艹,蘹
艹,蘸
艹,蘼
艹,蘺
艹,虈
艹,䖀
艹,虉
艹,虆
艹,虂
艹,蘒
艹,蘒
艹,瞢
艹,萅
化,花
化,貨
化,靴
化,囮
化,訛
化,华
貝,買
貝,員
貝,負
貝,貨
貝,貯
貝,敗
貝,費
貝,賀
貝,財
貝,賛
貝,資
貝,質
貝,責
貝,則
貝,貸
貝,貧
貝,貴
貝,賃
貝,鎖
貝,贈
貝,販
貝,賦
貝,貫
貝,賢
貝,賊
貝,購
貝,貢
貝,賜
貝,貞
貝,賠
貝,賓
貝,賄
貝,唄
貝,貼
貝,賭
貝,貪
貝,賂
貝,貿
貝,贋
貝,賑
貝,貰
貝,賤
貝,賎
貝,狽
貝,屓
貝,鵙
貝,齎
貝,瑣
貝,貽
貝,賈
貝,貶
貝,賁
貝,貲
貝,賚
貝,賻
貝,賽
貝,賺
貝,贄
貝,贅
貝,贇
貝,贍
貝,贏
貝,贔
貝,贐
貝,贓
貝,贖
貝,貳
貝,寶
貝,寳
貝,戝
貝,貭
貝,貮
貝,贊
貝,賍
貝,賓
貝,贈
貝,賴
貝,鋇
貝,鎻
貝,閴
貝,貤
貝,貣
貝,䝿
貝,貺
貝,貹
貝,賅
貝,賉
貝,賏
貝,賕
貝,賖
貝,賒
貝,䝻
貝,賡
貝,賥
貝,賙
貝,賫
貝,賷
貝,賨
貝,賧
貝,賬
貝,賝
貝,賔
貝,賆
貝,賱
貝,賯
貝,贒
貝,賰
貝,賲
貝,賵
貝,賸
貝,賿
貝,贃
貝,贗
貝,贉
貝,贎
貝,賮
貝,䞋
貝,郥
貝,蕆
貝,蛽
貝,賋
貝,贁
学,敩
⺍,学
⺍,栄
⺍,覚
⺍,巣
⺍,単
⺍,労
⺍,営
⺍,桜
⺍,厳
⺍,脳
⺍,悩
⺍,蛍
⺍,鴬
⺍,珱
⺍,畄
⺍,䋝
冖,学
冖,売
冖,写
冖,受
冖,愛
冖,栄
冖,覚
冖,軍
冖,帯
冖,労
冖,営
冖,夢
冖,穀
冖,壱
冖,豪
冖,浸
冖,侵
冖,寝
冖,冠
冖,冗
冖,帝
冖,殻
冖,蛍
冖,索
冖,亭
冖,彙
冖,鬱
冖,冥
冖,鴬
冖,牽
冖,壺
冖,壷
冖,舜
冖,嚢
冖,亮
冖,冤
冖,冢
冖,冪
冖,嚔
冖,塋
冖,壼
冖,孛
冖,帚
冖,愨
冖,戞
冖,旁
冖,黌
冖,鷽
冖,毫
冖,蠹
冖,蠧
冖,轂
冖,駸
冖,釁
冖,甍
冖,爨
冖,薨
冖,冩
冖,冨
冖,學
冖,亳
冖,冦
冖,邉
冖,壹
冖,覺
冖,寢
冖,帶
冖,睿
冖,臺
冖,穀
冖,囊
冖,鼏
冖,鮼
冖,鱟
冖,鷇
冖,鋟
冖,隺
冖,觳
冖,䜭
冖,賫
冖,賷
冖,綅
冖,縠
冖,㓁
冖,舝
冖,薎
冖,薧
冖,蘉
冖,瑴
冖,璺
冖,疐
冖,瞢
冖,礐
冖,祲
冖,糓
冖,爱
冖,懥
冖,敹
冖,斝
冖,斚
子,学
子,字
子,季
子,好
子,孫
子,孝
子,存
子,孤
子,孔
子,享
子,仔
子,孜
子,孟
子,李
子,孕
子,孚
子,孛
子,孥
子,孩
子,孳
子,孺
子,學
子,斈
子,孶
子,䰵
子,籽
子,耔
子,芓
子,虸
子,秄
子,孯
子,敎
子,斿
休,鮴
休,烋
休,貅
休,恷
休,髹
休,鵂
亻,休
亻,何
亻,作
亻,体
亻,夜
亻,化
亻,係
亻,仕
亻,使
亻,住
亻,他
亻,代
亻,倍
亻,位
亻,億
亻,健
亻,候
亻,借
亻,信
亻,側
亻,仲
亻,停
亻,低
亻,伝
亻,働
亻,付
亻,便
亻,例
亻,価
亻,仮
亻,件
亻,個
亻,似
亻,修
亻,像
亻,任
亻,備
亻,俵
亻,仏
亻,保
亻,供
亻,傷
亻,仁
亻,値
亻,俳
亻,優
亻,依
亻,偉
亻,儀
亻,仰
亻,傾
亻,伺
亻,侵
亻,僧
亻,俗
亻,倒
亻,傍
亻,佳
亻,偶
亻,倹
亻,催
亻,債
亻,侍
亻,伸
亻,促
亻,伐
亻,伴
亻,伏
亻,倣
亻,偽
亻,傑
亻,侯
亻,佐
亻,儒
亻,俊
亻,償
亻,仙
亻,但
亻,偵
亻,伯
亻,侮
亻,併
亻,偏
亻,俸
亻,僕
亻,僚
亻,倫
亻,俺
亻,伎
亻,僅
亻,傲
亻,侶
亻,伊
亻,倭
亻,佑
亻,伽
亻,俄
亻,侃
亻,鴈
亻,仇
亻,侠
亻,僑
亻,倶
亻,倦
亻,伍
亻,佼
亻,倖
亻,仔
亻,偲
亻,什
亻,儘
亻,儲
亻,佃
亻,僻
亻,俣
亻,傭
亻,伶
亻,仍
亻,仆
亻,仂
亻,仗
亻,仞
亻,仭
亻,仟
亻,价
亻,伉
亻,佚
亻,估
亻,佝
亻,佗
亻,佇
亻,佞
亻,佶
亻,侈
亻,侏
亻,侘
亻,佻
亻,佩
亻,佰
亻,侑
亻,佯
亻,俔
亻,俟
亻,俘
亻,俛
亻,俑
亻,俚
亻,俐
亻,俤
亻,俥
亻,倚
亻,倨
亻,倔
亻,倪
亻,倥
亻,倅
亻,伜
亻,俶
亻,倡
亻,倩
亻,倬
亻,俾
亻,俯
亻,們
亻,倆
亻,偃
亻,偕
亻,偐
亻,偈
亻,偖
亻,偬
亻,偸
亻,做
亻,傀
亻,傚
亻,傅
亻,傴
亻,僊
亻,僂
亻,僖
亻,僥
亻,僭
亻,僣
亻,僮
亻,僵
亻,儁
亻,儂
亻,儕
亻,儔
亻,儚
亻,儡
亻,儺
亻,儷
亻,儼
亻,儻
亻,脩
亻,絛
亻,倏
亻,假
亻,佛
亻,儖
亻,傳
亻,僞
亻,價
亻,儉
亻,侭
亻,條
亻,侫
亻,攸
亻,侮
亻,僧
亻,俠
亻,俱
亻,傡
亻,俼
亻,鯈
亻,鞗
亻,傎
亻,僱
亻,儨
亻,翛
亻,偀
亻,眾
亻,侽
亻,僡
亻,僫
亻,侎
木,休
木,校
木,森
木,村
木,本
木,林
木,楽
木,横
木,橋
木,根
木,集
木,植
木,相
木,柱
木,板
木,様
木,案
木,栄
木,果
木,械
木,機
木,極
木,材
木,札
木,松
木,梅
木,標
木,末
木,未
木,桜
木,格
木,検
木,構
木,査
木,枝
木,条
木,築
木,株
木,机
木,権
木,困
木,樹
木,染
木,棒
木,枚
木,模
木,朽
木,枯
木,柔
木,床
木,桃
木,杯
木,柄
木,欄
木,架
木,概
木,棄
木,棋
木,桑
木,某
木,楼
木,核
木,棺
木,閑
木,栽
木,桟
木,枢
木,杉
木,析
木,栓
木,槽
木,棚
木,棟
木,朴
木,柳
木,枠
木,椅
木,鬱
木,楷
木,柿
木,桁
木,梗
木,采
木,柵
木,椎
木,栃
木,梨
木,枕
木,杏
木,榎
木,樺
木,檜
木,桧
木,樫
木,柑
木,桓
木,槻
木,桔
木,橘
木,渠
木,橿
木,檎
木,桂
木,梧
木,杭
木,梱
木,柴
木,栖
木,榊
木,梓
木,櫛
木,柘
木,杓
木,柊
木,楢
木,楯
木,杵
木,梢
木,樟
木,樵
木,橡
木,杖
木,榛
木,槙
木,杜
木,椙
木,棲
木,栴
木,宋
木,槍
木,樽
木,柁
木,楕
木,橢
木,呆
木,梯
木,椴
木,檀
木,樗
木,椿
木,槌
木,栂
木,桐
木,桶
木,樋
木,檮
木,梼
木,楠
木,杷
木,楳
木,柏
木,枇
木,梶
木,楓
木,柾
木,棉
木,杢
木,椛
木,柚
木,楊
木,李
木,栗
木,梁
木,椋
木,櫓
木,椀
木,棊
木,雜
木,凩
木,杲
木,杳
木,朿
木,朸
木,朶
木,杙
木,杣
木,杠
木,杞
木,杆
木,桿
木,枌
木,枉
木,枋
木,枡
木,桝
木,杪
木,杼
木,枴
木,柯
木,枷
木,柤
木,柞
木,柩
木,柮
木,枳
木,柢
木,柎
木,柝
木,枹
木,枸
木,栩
木,桀
木,梳
木,枅
木,栞
木,桙
木,框
木,桎
木,栲
木,栫
木,桷
木,梭
木,梔
木,桴
木,梟
木,梠
木,梏
木,梛
木,梃
木,椏
木,椁
木,椈
木,椄
木,棕
木,椶
木,椒
木,椚
木,棍
木,棹
木,棣
木,楹
木,椰
木,楸
木,楫
木,楮
木,椽
木,楾
木,榁
木,楔
木,楡
木,楝
木,椹
木,楞
木,槓
木,槁
木,槎
木,榻
木,寨
木,槐
木,榧
木,榾
木,榴
木,榑
木,榜
木,槊
木,榕
木,榔
木,槃
木,槹
木,槲
木,槭
木,橄
木,槧
木,榱
木,槿
木,樅
木,樛
木,樔
木,樒
木,櫁
木,槨
木,橙
木,樸
木,橇
木,橦
木,橈
木,檣
木,檐
木,檄
木,檗
木,檠
木,檸
木,櫃
木,櫂
木,檳
木,檬
木,櫟
木,檪
木,檻
木,櫚
木,欖
木,欒
木,櫨
木,櫪
木,蘖
木,欅
木,櫺
木,沐
木,牀
木,來
木,椢
木,櫻
木,槇
木,榮
木,樂
木,榿
木,槝
木,楙
木,楴
木,楜
木,椥
木,槞
木,杁
木,朷
木,杤
木,杰
木,枩
木,枦
木,桍
木,樮
木,榠
木,權
木,樞
木,槫
木,樣
木,樓
木,栢
木,柆
木,柧
木,档
木,梹
木,梍
木,桾
木,棔
木,棧
木,棯
木,椨
木,椪
木,椣
木,椡
木,橲
木,欟
木,椦
木,棡
木,椌
木,棆
木,楪
木,榲
木,樌
木,樶
木,橸
木,樢
木,檍
木,檢
木,櫞
木,櫑
木,欄
木,梅
木,橫
木,槔
木,櫱
木,䯂
木,榆
木,髤
木,雧
木,槼
木,䝗
木,栰
木,㮍
木,㰏
木,槈
木,臬
木,橓
木,蚞
木,螙
木,琹
木,榘
九,丸
九,究
九,軌
九,尻
九,仇
九,鳩
九,旭
九,抛
九,馗
九,卆
九,鼽
九,頄
九,釚
九,訄
九,訅
九,艽
九,虓
玉,国
玉,宝
玉,璽
玉,璧
玉,瑩
玉,閠
玉,鈺
玉,珏
玉,瑬
玉,瑿
玉,璗
玉,玺
玉,璺
玉,砡
丶,玉
丶,丸
丶,図
丶,太
丶,主
丶,為
丶,尽
丶,凡
丶,麗
丶,斥
丶,刃
丶,丼
丶,亙
丶,叉
丶,勺
丶,兔
丶,尤
丶,匆
丶,戍
丶,黻
丶,魃
丶,跋
丶,鹵
丶,鬯
丶,祓
丶,曵
丶,秡
丶,拔
丶,鑁
丶,髮
丶,者
丶,鼥
丶,乓
丶,鮁
丶,韍
丶,颰
丶,馛
丶,盋
丶,鈸
丶,豖
丶,軷
丶,紱
丶,茇
丶,萈
丶,蛂
丶,袚
丶,玊
丶,瞂
空,控
空,腔
空,倥
空,箜
空,啌
空,椌
空,鵼
空,鞚
空,谾
空,躻
空,硿
空,悾
穴,空
穴,究
穴,窓
穴,突
穴,窒
穴,窮
穴,窃
穴,窯
穴,窟
穴,窪
穴,窺
穴,窄
穴,穿
穴,竈
穴,竃
穴,鴪
穴,邃
穴,穹
穴,穽
穴,窈
穴,窕
穴,窖
穴,窘
穴,窩
穴,窶
穴,窿
穴,竅
穴,竄
穴,竇
穴,竊
穴,窗
穴,窰
穴,突
穴,鴥
穴,臱
穴,穵
穴,穸
穴,窀
穴,窆
穴,穾
穴,窂
穴,䆘
穴,窋
穴,窅
穴,窌
穴,窊
穴,窐
穴,窻
穴,䆫
穴,窔
穴,窠
穴,窞
穴,窣
穴,窫
穴,窨
穴,窬
穴,竆
穴,窴
穴,窳
穴,窑
穴,窹
穴,窸
穴,䆮
穴,窼
穴,窵
穴,窾
穴,竀
穴,䆴
穴,竉
工,空
工,左
工,式
工,功
工,差
工,紅
工,攻
工,項
工,尋
工,巧
工,江
工,貢
工,虹
工,杢
工,巫
工,扛
工,缸
工,杠
工,肛
工,汞
工,矼
工,訌
工,噐
工,壽
工,魟
工,釭
工,豇
工,邛
工,卭
工,羾
工,舡
工,瓨
工,疘
工,㥯
工,揑
气,気
气,汽
气,氛
气,氣
气,氤
㐅,気
㐅,図
㐅,区
㐅,希
㐅,刈
㐅,凶
㐅,肴
㐅,鹵
㐅,鬯
㐅,鑁
㐅,爻
㐅,网
㐅,郄
㐅,罓
㐅,恡
㐅,敎
下,峠
下,雫
下,梺
下,颪
下,裃
下,鞐
下,圷
下,垰
下,閇
下,芐
下,疜
下,忑
月,青
月,朝
月,明
月,育
月,期
月,勝
月,服
月,有
月,胃
月,散
月,腸
月,望
月,脈
月,肥
月,胸
月,骨
月,臓
月,脳
月,肺
月,背
月,腹
月,脚
月,肩
月,脂
月,脱
月,胴
月,肪
月,腰
月,朗
月,腕
月,肝
月,脅
月,胎
月,胆
月,豚
月,胞
月,膨
月,膜
月,肯
月,肢
月,肖
月,惰
月,朕
月,騰
月,謄
月,肌
月,臆
月,股
月,腫
月,腎
月,脊
月,腺
月,膳
月,膝
月,肘
月,脇
月,胤
月,胡
月,腔
月,肱
月,膏
月,朔
月,脆
月,楕
月,腿
月,脹
月,膿
月,朋
月,肋
月,兪
月,朧
月,朦
月,朞
月,朏
月,肛
月,肚
月,肓
月,肭
月,肬
月,胙
月,胝
月,胛
月,胚
月,胥
月,胄
月,胖
月,胱
月,胯
月,脣
月,脯
月,脛
月,脩
月,腋
月,脾
月,腓
月,腆
月,腑
月,胼
月,腮
月,腴
月,腱
月,腥
月,膃
月,膈
月,膀
月,膂
月,膊
月,膣
月,腟
月,膠
月,膩
月,膰
月,臀
月,臂
月,膺
月,膾
月,膵
月,臉
月,臑
月,臍
月,臙
月,臘
月,臚
月,滕
月,潸
月,縢
月,酳
月,羸
月,隋
月,贏
月,龍
月,臈
月,朖
月,冐
月,脉
月,腦
月,膕
月,膤
月,膓
月,膸
月,膽
月,臟
月,朗
月,腁
月,黱
月,驘
月,臏
月,鬌
月,鰖
月,鰧
月,鈅
月,閒
月,阴
月,賸
月,跀
月,蚏
月,螣
月,蠃
月,玥
月,脴
月,眀
月,抈
月,胟
月,朙
見,親
見,覚
見,観
見,規
見,現
見,視
見,覧
見,硯
見,覗
見,俔
見,蜆
見,靦
見,筧
見,覓
見,覘
見,覡
見,覦
見,覩
見,覯
見,覬
見,覲
見,覿
見,覺
見,覽
見,觀
見,視
見,鋧
見,靚
見,覍
見,䂓
見,覔
見,覐
見,覕
見,覜
見,覛
見,覠
見,覟
見,覤
見,覥
見,覰
見,覻
見,覵
見,覸
見,覷
見,覴
見,覶
見,覼
見,䚕
見,絸
見,莧
見,睍
見,竀
見,晛
犬,然
犬,状
犬,獣
犬,黙
犬,獄
犬,伏
犬,献
犬,吠
犬,猷
犬,哭
犬,倏
犬,獻
犬,獸
犬,獎
犬,默
犬,器
犬,突
犬,臭
犬,狀
犬,畎
犬,戾
五,伍
五,吾
五,忢
口,石
口,足
口,中
口,名
口,右
口,回
口,兄
口,京
口,古
口,高
口,合
口,谷
口,西
口,台
口,知
口,同
口,鳴
口,員
口,漢
口,局
口,君
口,号
口,事
口,品
口,味
口,問
口,和
口,塩
口,加
口,害
口,各
口,喜
口,告
口,史
口,司
口,周
口,唱
口,倉
口,堂
口,別
口,可
口,句
口,舎
口,舌
口,吸
口,勤
口,呼
口,后
口,聖
口,善
口,難
口,否
口,含
口,叫
口,豪
口,咲
口,獣
口,召
口,尋
口,吹
口,占
口,嘆
口,吐
口,唐
口,噴
口,哀
口,喚
口,吉
口,喫
口,啓
口,如
口,掌
口,嘱
口,衰
口,哲
口,亜
口,嚇
口,喝
口,享
口,謹
口,吟
口,呉
口,唆
口,嗣
口,唇
口,衷
口,亭
口,呈
口,唯
口,咽
口,唄
口,嗅
口,串
口,喉
口,叱
口,呪
口,唾
口,嘲
口,哺
口,喩
口,呂
口,唖
口,杏
口,燕
口,邑
口,嘩
口,咳
口,侃
口,吃
口,嘘
口,亨
口,叶
口,喰
口,喧
口,吾
口,叩
口,釦
口,噛
口,哉
口,只
口,哨
口,嘗
口,裳
口,吋
口,噌
口,噂
口,呆
口,啄
口,歎
口,吊
口,喋
口,呑
口,噸
口,吠
口,噺
口,轡
口,吻
口,哩
口,亮
口,婁
口,或
口,叮
口,叨
口,叭
口,叺
口,吁
口,吽
口,听
口,吭
口,吼
口,吮
口,吶
口,吩
口,吝
口,呎
口,咏
口,呵
口,咎
口,呟
口,呱
口,呷
口,呰
口,呻
口,咀
口,呶
口,咄
口,咐
口,咆
口,哇
口,咸
口,咥
口,咬
口,哄
口,哈
口,咨
口,哂
口,咤
口,哦
口,唏
口,唔
口,哽
口,哮
口,哢
口,唹
口,啀
口,啣
口,售
口,啜
口,啅
口,啖
口,啗
口,唸
口,唳
口,喙
口,喀
口,喊
口,喟
口,啻
口,啾
口,喘
口,喞
口,啼
口,喃
口,喇
口,喨
口,嗚
口,嗟
口,嗄
口,嗜
口,嗤
口,嗔
口,嘔
口,嗷
口,嘖
口,嗾
口,嗽
口,嘛
口,噎
口,嘴
口,嘶
口,嘸
口,噫
口,噤
口,嘯
口,噬
口,噪
口,嚆
口,嚀
口,嚊
口,嚠
口,嚔
口,嚏
口,嚥
口,嚶
口,嚼
口,囁
口,囃
口,囀
口,囈
口,扣
口,龠
口,囓
口,毫
口,韋
口,辟
口,菫
口,艱
口,鐡
口,亳
口,囑
口,邉
口,囎
口,嗹
口,呀
口,咾
口,黨
口,當
口,鬲
口,咼
口,哘
口,啌
口,啝
口,咯
口,咋
口,甞
口,衞
口,袁
口,嘆
口,漢
口,難
口,黑
口,吞
口,啞
口,噓
口,嚙
口,亯
口,鷰
口,响
口,㘅
口,銽
口,霝
口,呧
口,䛡
口,軎
口,㗛
口,囏
口,薧
口,瓽
口,畐
口,畗
口,睘
口,戓
交,校
交,効
交,較
交,郊
交,絞
交,佼
交,鮫
交,咬
交,鵁
交,蛟
交,駮
交,狡
交,餃
交,皎
交,效
交,骹
交,鉸
交,跤
交,筊
交,茭
交,虠
交,珓
交,賋
交,窔
交,恔
交,挍
交,晈
金,銀
金,鉄
金,鏡
金,録
金,鉱
金,銭
金,銅
金,鋼
金,針
金,鋭
金,鉛
金,鑑
金,鎖
金,鈍
金,錯
金,鐘
金,錠
金,鍛
金,鋳
金,鎮
金,錬
金,銃
金,釣
金,鉢
金,銘
金,鈴
金,鎌
金,錦
金,鍵
金,錮
金,鍋
金,鎧
金,鍔
金,鋸
金,欽
金,鉤
金,鈎
金,鈷
金,釦
金,錫
金,鍬
金,鋤
金,鉦
金,錆
金,鍾
金,鎗
金,錘
金,錐
金,釧
金,銑
金,鎚
金,鐸
金,釘
金,銚
金,鏑
金,鍍
金,鐙
金,鋲
金,錨
金,鋪
金,鋒
金,鉾
金,鑓
金,鎔
金,劉
金,鑒
金,鑵
金,崟
金,釵
金,釿
金,鈞
金,鈕
金,鈑
金,鈔
金,鉗
金,鉉
金,鉞
金,鉅
金,鉋
金,鉈
金,鈿
金,銜
金,銖
金,銕
金,銓
金,銛
金,鋩
金,鋏
金,銹
金,銷
金,錏
金,錙
金,錣
金,錻
金,鋺
金,錚
金,錵
金,錺
金,鍼
金,鍮
金,鍠
金,鎰
金,鎹
金,鎬
金,鏖
金,鏘
金,鏈
金,鏤
金,鏨
金,鏃
金,鏝
金,鏐
金,鐚
金,鏗
金,鐔
金,鐃
金,鐐
金,鐓
金,鐫
金,鐶
金,鐺
金,鑠
金,鑢
金,鑞
金,鑪
金,鑰
金,鑷
金,鑼
金,鑾
金,鑽
金,鑚
金,钁
金,鑿
金,鐵
金,鐡
金,鑄
金,鑛
金,釖
金,釟
金,釡
金,釛
金,淦
金,釼
金,釶
金,鈬
金,鉐
金,鉚
金,鍄
金,錢
金,鈩
金,鑁
金,鐇
金,鏥
金,鍖
金,鎭
金,鍜
金,錄
金,鍊
金,顉
金,釔
金,釓
金,釚
金,釗
金,釞
金,釙
金,釕
金,釪
金,釬
金,銲
金,釰
金,釭
金,釤
金,釹
金,釥
金,釮
金,釱
金,釻
金,釷
金,釩
金,鈗
金,鈝
金,鈆
金,鈥
金,鈣
金,鈘
金,鈌
金,鈅
金,鈐
金,鈜
金,鈧
金,鈤
金,鈊
金,鈓
金,鈒
金,鈦
金,鈄
金,鈀
金,鈨
金,鈇
金,鈈
金,鈖
金,釽
金,鈁
金,鈳
金,鉯
金,鉠
金,鈺
金,鉀
金,鈼
金,鉃
金,鉂
金,鉇
金,鈰
金,鈶
金,鉰
金,鉨
金,鉩
金,鉥
金,錰
金,鉏
金,鉊
金,鉮
金,鉎
金,鍟
金,鉙
金,鉭
金,鉒
金,鈾
金,鈮
金,鉆
金,鉖
金,鈯
金,鉕
金,鉑
金,鈸
金,鉡
金,鈹
金,鉍
金,鉜
金,鉘
金,鈵
金,鉧
金,鉬
金,鉝
金,銨
金,銥
金,銉
金,銦
金,銙
金,鉻
金,銯
金,銎
金,銈
金,鉶
金,銒
金,鈃
金,鉸
金,鉿
金,銗
金,銧
金,鉷
金,銟
金,鉹
金,鉺
金,銊
金,銣
金,鉽
金,銫
金,銍
金,銩
金,鉵
金,銤
金,銪
金,銠
金,鋆
金,銳
金,鋈
金,鋘
金,鋨
金,銽
金,鋎
金,鋡
金,銶
金,鋙
金,鋦
金,鋗
金,鋧
金,鋐
金,鋯
金,銼
金,鋜
金,鋅
金,鋕
金,鋠
金,鋟
金,鋮
金,鋋
金,銺
金,銸
金,鋌
金,銻
金,鋓
金,鋀
金,鋥
金,鋱
金,鋇
金,鋂
金,鋬
金,鏠
金,釯
金,鋍
金,鋣
金,鎁
金,鋰
金,鋁
金,鋝
金,鋃
金,錒
金,錥
金,錁
金,錷
金,錧
金,錡
金,錤
金,䥓
金,錈
金,錕
金,鋷
金,錞
金,鋿
金,錩
金,錜
金,錝
金,錟
金,鋹
金,錪
金,錔
金,鍀
金,䤵
金,錶
金,錍
金,鉼
金,錇
金,錳
金,鍆
金,錑
金,錸
金,錂
金,錀
金,錴
金,鎄
金,鍈
金,鍇
金,鍰
金,鍕
金,鍥
金,鋻
金,鍞
金,鍧
金,鍭
金,鍘
金,鍿
金,鍫
金,鍒
金,鍶
金,鍐
金,鍺
金,鍴
金,鍉
金,鍗
金,鍩
金,鎂
金,鎇
金,鍑
金,鍢
金,鍽
金,鍪
金,鍚
金,鍱
金,鎢
金,鎣
金,鎵
金,鎶
金,鎋
金,䤿
金,鎳
金,鎤
金,鎻
金,鏁
金,鎈
金,鎍
金,鎡
金,鎀
金,鎨
金,鎪
金,䤹
金,鎴
金,鎕
金,鎒
金,鎿
金,鎛
金,鎺
金,鎫
金,鎞
金,鎊
金,鎏
金,鎦
金,鐂
金,鎘
金,鐮
金,䥝
金,鏆
金,鏹
金,鏊
金,鎩
金,鏙
金,鏟
金,鏅
金,鏱
金,鏦
金,鏚
金,鏇
金,鏩
金,鏉
金,鏓
金,鍯
金,鏄
金,鏜
金,鏌
金,鏋
金,鏢
金,鏞
金,銿
金,鏍
金,鏧
金,鏵
金,鐦
金,鐗
金,鐧
金,鐖
金,鐈
金,鏸
金,鐍
金,鐝
金,鐄
金,鐕
金,鐟
金,鐁
金,鐎
金,鐉
金,鐏
金,鐜
金,鏺
金,鐨
金,鐠
金,鏷
金,鏻
金,鐒
金,鐿
金,鐻
金,鐱
金,鏽
金,鐩
金,鎸
金,鐲
金,鐽
金,鐯
金,錽
金,鐴
金,鐳
金,鑊
金,鑎
金,鑋
金,鑅
金,鑈
金,鑃
金,鑌
金,鍳
金,鑙
金,鑡
金,鑕
金,鑜
金,鑟
金,鑣
金,鑥
金,鑫
金,鑨
金,鑱
金,鑲
金,鑯
金,鑮
金,鑭
金,钄
金,鑹
金,銮
金,钂
金,钃
金,䘳
金,捦
左,佐
左,惰
左,楕
左,隋
左,鬌
左,鰖
左,隓
丿,左
丿,先
丿,右
丿,少
丿,弟
丿,血
丿,向
丿,面
丿,欠
丿,史
丿,失
丿,必
丿,在
丿,制
丿,延
丿,系
丿,存
丿,為
丿,奥
丿,介
丿,更
丿,井
丿,矛
丿,卑
丿,乏
丿,粛
丿,升
丿,屯
丿,叱
丿,羞
丿,呂
丿,胤
丿,亦
丿,而
丿,壬
丿,弗
丿,勿
丿,戊
丿,匁
丿,乂
丿,夭
丿,屮
丿,黎
丿,犂
丿,熈
丿,熏
丿,睾
丿,粤
丿,奧
丿,廾
丿,齊
丿,渊
丿,埀
丿,耒
丿,尢
丿,虍
丿,釆
丿,黧
丿,丌
丿,丳
丿,乇
丿,乒
丿,鵹
丿,靣
丿,囟
丿,鎫
丿,䛕
丿,茰
丿,䖝
丿,甪
丿,甶
三,春
三,実
三,奏
三,奉
三,謹
三,泰
三,秦
三,菫
三,舂
三,弎
三,丰
三,閆
三,㫪
三,㤗
山,岩
山,岸
山,炭
山,島
山,両
山,密
山,徴
山,峠
山,微
山,峰
山,岳
山,岐
山,峡
山,崩
山,幽
山,崎
山,崇
山,仙
山,岬
山,嵐
山,岡
山,崖
山,峨
山,巌
山,徽
山,嵯
山,嵳
山,嵩
山,峻
山,岨
山,岱
山,辿
山,嶋
山,峯
山,嶺
山,崕
山,澂
山,屶
山,屹
山,岌
山,岑
山,岔
山,岫
山,峙
山,峭
山,峪
山,崟
山,崛
山,崑
山,崔
山,崢
山,崚
山,崙
山,崘
山,嵌
山,嵒
山,嵎
山,嵋
山,嵬
山,嶇
山,嶄
山,嶂
山,嶢
山,嶝
山,嶬
山,嶮
山,嶷
山,嶼
山,巉
山,巍
山,巓
山,巒
山,黴
山,閊
山,杣
山,汕
山,疝
山,豈
山,峩
山,嶽
山,巖
山,乢
山,崋
山,圸
山,妛
山,岻
山,岶
山,岼
山,岷
山,峅
山,岾
山,峇
山,峽
山,峺
山,嶌
山,崗
山,嵜
山,嵶
山,嶐
山,豐
山,徵
山,鰴
山,銟
山,嶲
山,訔
山,訕
山,豳
山,籼
山,耑
山,舢
山,秈
山,旵
四,泗
四,駟
四,訵
囗,四
囗,園
囗,回
囗,国
囗,図
囗,囲
囗,固
囗,因
囗,団
囗,困
囗,圏
囗,囚
囗,圃
囗,圀
囗,囮
囗,囹
囗,囿
囗,圄
囗,圉
囗,圜
囗,鹵
囗,粤
囗,圓
囗,圈
囗,國
囗,圍
囗,圖
囗,團
囗,㐁
囗,卥
儿,四
儿,兄
儿,西
儿,売
儿,発
儿,児
儿,匹
儿,克
儿,甚
儿,虎
儿,允
儿,兇
儿,兜
儿,禿
儿,亮
儿,兀
儿,廛
儿,羌
儿,竟
儿,兒
儿,皃
儿,鑁
儿,鬲
儿,鎫
儿,兏
儿,詹
儿,㓁
儿,畟
糸,絵
糸,細
糸,紙
糸,線
糸,組
糸,級
糸,終
糸,緑
糸,練
糸,紀
糸,給
糸,結
糸,続
糸,約
糸,経
糸,織
糸,績
糸,絶
糸,素
糸,総
糸,統
糸,編
糸,綿
糸,系
糸,絹
糸,紅
糸,縦
糸,縮
糸,純
糸,納
糸,緯
糸,維
糸,縁
糸,繰
糸,継
糸,紫
糸,紹
糸,繁
糸,網
糸,紋
糸,絡
糸,緩
糸,緊
糸,綱
糸,絞
糸,紺
糸,繕
糸,締
糸,縛
糸,紛
糸,縫
糸,糾
糸,繭
糸,索
糸,緒
糸,縄
糸,紳
糸,繊
糸,紡
糸,累
糸,綻
糸,緻
糸,徽
糸,繋
糸,絢
糸,絃
糸,紘
糸,縞
糸,紗
糸,綬
糸,繍
糸,紐
糸,綜
糸,紬
糸,綴
糸,纏
糸,纒
糸,緋
糸,轡
糸,緬
糸,綾
糸,彝
糸,糺
糸,紆
糸,紂
糸,紊
糸,紕
糸,紜
糸,絅
糸,紿
糸,絆
糸,紵
糸,紮
糸,紲
糸,絳
糸,絖
糸,絎
糸,絣
糸,絨
糸,絏
糸,絮
糸,綏
糸,絽
糸,綉
糸,絛
糸,綛
糸,綺
糸,綵
糸,緇
糸,綽
糸,綢
糸,綣
糸,綸
糸,綯
糸,綮
糸,綰
糸,綫
糸,綟
糸,緤
糸,緞
糸,緘
糸,緲
糸,縅
糸,緝
糸,緡
糸,縡
糸,縟
糸,縊
糸,縉
糸,縋
糸,縒
糸,縻
糸,繆
糸,縹
糸,縵
糸,縺
糸,繃
糸,縲
糸,縷
糸,繧
糸,繚
糸,繖
糸,繝
糸,繦
糸,繙
糸,繞
糸,繹
糸,繽
糸,纃
糸,辮
糸,繻
糸,纈
糸,纐
糸,纔
糸,纓
糸,纉
糸,纜
糸,繿
糸,繼
糸,絋
糸,絲
糸,經
糸,總
糸,縱
糸,繪
糸,繩
糸,緕
糸,續
糸,纖
糸,纎
糸,練
糸,繁
糸,綠
糸,緖
糸,緣
糸,繡
糸,繫
糸,繈
糸,纘
糸,顈
糸,銯
糸,䜌
糸,䊸
糸,紈
糸,紇
糸,紃
糸,紉
糸,䋆
糸,紟
糸,紒
糸,紓
糸,紝
糸,絍
糸,紞
糸,紖
糸,紏
糸,紦
糸,紑
糸,絇
糸,紭
糸,紥
糸,絁
糸,紸
糸,紾
糸,紽
糸,䋎
糸,紩
糸,絀
糸,絈
糸,紱
糸,紼
糸,䋖
糸,絪
糸,絓
糸,絯
糸,絙
糸,絜
糸,絭
糸,絝
糸,絗
糸,絑
糸,絕
糸,絟
糸,絰
糸,綂
糸,絧
糸,絥
糸,絫
糸,綖
糸,絿
糸,綗
糸,綌
糸,綋
糸,綆
糸,綑
糸,綃
糸,縧
糸,綅
糸,絺
糸,綈
糸,綍
糸,絻
糸,綁
糸,緎
糸,綶
糸,綦
糸,綨
糸,緄
糸,綷
糸,紣
糸,緅
糸,綧
糸,緃
糸,緌
糸,緀
糸,紪
糸,緆
糸,綪
糸,緫
糸,綞
糸,緂
糸,綝
糸,綹
糸,緉
糸,緭
糸,䌂
糸,緺
糸,緙
糸,緱
糸,緪
糸,絚
糸,緦
糸,緧
糸,緗
糸,緛
糸,緵
糸,緹
糸,縀
糸,緢
糸,緍
糸,緶
糸,緥
糸,縜
糸,縕
糸,緼
糸,縈
糸,縑
糸,縠
糸,縗
糸,縉
糸,縝
糸,縐
糸,縚
糸,䋣
糸,縏
糸,縨
糸,繄
糸,縯
糸,縴
糸,繀
糸,縿
糸,縰
糸,縬
糸,繅
糸,縶
糸,縳
糸,綳
糸,縭
糸,繂
糸,纝
糸,繘
糸,繢
糸,繣
糸,繥
糸,繐
糸,絸
糸,繠
糸,繟
糸,繎
糸,繒
糸,繲
糸,繮
糸,繯
糸,繳
糸,繸
糸,繵
糸,纁
糸,繾
糸,纊
糸,纆
糸,纇
糸,纍
糸,纑
糸,䋝
糸,纕
糸,纚
糸,䌫
糸,纞
幺,糸
幺,後
幺,幼
幺,幾
幺,玄
幺,幻
幺,幽
幺,畿
幺,胤
幺,聯
幺,聨
幺,奚
幺,麼
幺,酳
幺,茲
幺,樂
幺,關
幺,乣
幺,闗
幺,㡭
幺,兹
幺,盭
小,糸
小,京
小,原
小,少
小,県
小,鎖
小,歳
小,隙
小,雀
小,尖
小,瑣
小,亰
小,尓
小,齋
小,釥
小,覍
小,䒕
小,虩
字,茡
宀,字
宀,家
宀,室
宀,安
宀,寒
宀,客
宀,宮
宀,実
宀,守
宀,宿
宀,定
宀,害
宀,完
宀,官
宀,察
宀,寄
宀,富
宀,容
宀,宇
宀,穴
宀,憲
宀,宗
宀,宣
宀,宅
宀,宙
宀,宝
宀,寂
宀,寝
宀,宴
宀,審
宀,寡
宀,寛
宀,宜
宀,宰
宀,宵
宀,賓
宀,寮
宀,宛
宀,塞
宀,寅
宀,寓
宀,宏
宀,宍
宀,宋
宀,寵
宀,宕
宀,宥
宀,牢
宀,宦
宀,宸
宀,寇
宀,寔
宀,寐
宀,寤
宀,寞
宀,寥
宀,寰
宀,搴
宀,寨
宀,蹇
宀,騫
宀,謇
宀,賽
宀,寉
宀,實
宀,它
宀,寃
宀,寢
宀,寫
宀,寶
宀,寳
宀,賓
宀,寬
宀,鶱
宀,賔
宀,蔲
宀,褰
宀,甯
宀,宆
宀,摉
耳,聞
耳,取
耳,職
耳,聖
耳,恥
耳,敢
耳,摂
耳,聴
耳,餌
耳,茸
耳,聡
耳,耽
耳,耶
耳,聯
耳,聨
耳,聾
耳,聟
耳,弭
耳,珥
耳,耿
耳,聆
耳,聊
耳,聒
耳,聘
耳,聢
耳,聳
耳,聶
耳,鵈
耳,聽
耳,聹
耳,耻
耳,聲
耳,聰
耳,斊
耳,駬
耳,聝
耳,鉺
耳,誀
耳,耴
耳,耵
耳,耷
耳,耺
耳,耹
耳,耾
耳,耼
耳,聃
耳,聄
耳,聏
耳,聦
耳,聠
耳,聤
耳,聭
耳,聱
耳,聵
耳,聀
耳,聻
耳,衈
耳,眲
七,切
七,虍
七,㐂
七,乇
七,皂
車,軽
車,庫
車,転
車,軍
車,輪
車,連
車,輸
車,較
車,軒
車,載
車,陣
車,輩
車,範
車,軌
車,軸
車,轄
車,軟
車,斬
車,轟
車,輯
車,轍
車,轡
車,輔
車,輿
車,俥
車,軋
車,軛
車,軻
車,軫
車,軼
車,軾
車,輅
車,輊
車,輒
車,輙
車,輓
車,輟
車,輜
車,輦
車,輛
車,輌
車,輻
車,輹
車,輳
車,轅
車,轂
車,輾
車,轆
車,轌
車,轎
車,轗
車,轜
車,轢
車,轤
車,軣
車,輕
車,轉
車,轣
車,擊
車,繫
車,輀
車,䡄
車,軎
車,軏
車,䡇
車,軔
車,軑
車,䡅
車,軓
車,軝
車,輭
車,軜
車,軶
車,軮
車,軱
車,軹
車,軺
車,軵
車,軷
車,軬
車,軨
車,䡼
車,䡈
車,軭
車,輂
車,輇
車,輈
車,輐
車,輢
車,輠
車,輡
車,輨
車,輗
車,輥
車,輚
車,輖
車,䡮
車,輫
車,輧
車,軿
車,輣
車,輞
車,輘
車,輬
車,輵
車,輷
車,輺
車,輮
車,輲
車,輴
車,輶
車,輏
車,轀
車,轃
車,轁
車,轝
車,轊
車,轇
車,轏
車,轓
車,轐
車,轔
車,轑
車,轕
車,轘
車,轚
車,轖
車,轒
車,轞
車,䡎
車,轥
車,蛼
車,蟿
車,硨
車,捙
手,挙
手,撃
手,掌
手,摩
手,拳
手,摯
手,拿
手,拏
手,挈
手,掣
手,搴
手,擘
手,攀
手,攣
手,擧
手,擊
手,拲
手,㧬
手,挐
手,挲
手,掔
手,揫
手,揱
手,搿
手,摰
手,揅
手,摹
手,擎
手,擪
手,擥
手,抙
十,先
十,早
十,計
十,古
十,直
十,南
十,真
十,協
十,卒
十,単
十,博
十,支
十,準
十,徳
十,率
十,裁
十,針
十,壊
十,載
十,盾
十,辛
十,聴
十,卑
十,懐
十,栽
十,索
十,傘
十,汁
十,繊
十,喪
十,戴
十,阜
十,叶
十,尭
十,皐
十,哉
十,什
十,戎
十,隼
十,辻
十,鴇
十,卉
十,嚔
十,夲
十,孛
十,截
十,瓧
十,籵
十,賁
十,竍
十,卆
十,鐵
十,鐡
十,單
十,聽
十,凖
十,貭
十,德
十,卋
十,亁
十,驖
十,韯
十,賫
十,賷
十,胾
十,臷
十,蕐
十,华
十,畞
十,疐
十,皁
十,臯
十,懥
出,屈
出,拙
出,咄
出,黜
出,朏
出,柮
出,祟
出,韷
出,䪼
出,鈯
出,詘
出,粜
出,絀
出,茁
出,窋
出,昢
女,姉
女,妹
女,安
女,委
女,始
女,好
女,要
女,桜
女,妻
女,婦
女,姿
女,威
女,婚
女,姓
女,奴
女,妙
女,娘
女,嫁
女,娯
女,如
女,嬢
女,婿
女,婆
女,姫
女,妨
女,姻
女,嫌
女,娠
女,妥
女,嫡
女,妊
女,媒
女,妃
女,妄
女,媛
女,嫉
女,妬
女,妖
女,娃
女,嬰
女,姶
女,姦
女,嬉
女,妓
女,姑
女,姐
女,嬬
女,汝
女,妾
女,娼
女,姪
女,娩
女,姥
女,婁
女,佞
女,奸
女,妁
女,妝
女,妣
女,妲
女,姆
女,姨
女,姜
女,妍
女,姙
女,嫦
女,姚
女,娥
女,娟
女,娑
女,娜
女,娉
女,婀
女,婬
女,婉
女,娵
女,娶
女,婢
女,婪
女,媚
女,媼
女,媾
女,嫋
女,嫂
女,媽
女,嫣
女,嫗
女,嫩
女,嫖
女,嫺
女,嫻
女,嬌
女,嬋
女,嬖
女,嬲
女,嬪
女,嬶
女,嬾
女,孅
女,孀
女,珱
女,娚
女,嫐
女,妛
女,孃
女,姸
女,姮
女,釹
女,籹
女,䋝
女,耍
女,媿
正,整
正,証
正,政
正,征
正,症
正,鉦
正,柾
正,歪
正,焉
正,阷
正,靕
正,罡
正,竀
正,怔
正,昰
止,正
止,歩
止,歯
止,歴
止,武
止,延
止,歳
止,卸
止,企
止,祉
止,肯
止,渋
止,此
止,凪
止,址
止,趾
止,沚
止,阯
止,齒
止,歸
止,耻
止,祉
止,步
止,歷
止,衘
止,芷
止,扯
上,峠
上,裃
上,鞐
上,垰
上,兏
上,忐
上,㫖
林,森
林,歴
林,禁
林,暦
林,麻
林,麓
林,楚
林,彬
林,焚
林,淋
林,琳
林,埜
林,婪
林,霖
林,梵
林,梺
林,潸
林,醂
林,爨
林,痳
林,罧
林,梦
林,菻
林,諃
林,辳
林,郴
林,箖
林,綝
林,惏
人,会
人,谷
人,春
人,茶
人,内
人,実
人,全
人,欠
人,夫
人,幹
人,舎
人,余
人,奏
人,介
人,幾
人,企
人,奉
人,傘
人,囚
人,泰
人,丙
人,脊
人,斡
人,臥
人,亥
人,翰
人,禽
人,庚
人,黍
人,秦
人,閃
人,箆
人,仄
人,嗇
人,夐
人,黎
人,臾
人,舂
人,个
人,从
人,舍
人,睿
人,㐁
人,亾
人,鶾
人,飤
人,閄
人,隂
人,隳
人,㬰
人,㫪
人,珡
人,畒
人,㽗
人,秂
人,㤗
人,摉
人,㫃
水,泉
水,尿
水,沓
水,汞
水,漿
水,盥
水,潁
水,冰
水,閖
水,頮
水,阥
水,㽷
水,泴
水,砅
生,星
生,産
生,性
生,姓
生,牲
生,甥
生,旌
生,笙
生,甦
生,徃
生,鼪
生,鮏
生,鉎
生,貹
生,﨡
生,甡
生,產
生,甤
生,眚
生,曐
生,甠
青,晴
青,清
青,静
青,情
青,精
青,請
青,靖
青,䨼
龶,青
龶,麦
龶,表
龶,害
龶,毒
龶,責
龶,素
龶,憲
龶,靑
赤,赦
赤,赫
赤,赧
赤,赭
赤,頳
赤,赬
赤,赥
赤,赩
赤,赮
赤,䞓
赤,郝
石,岩
石,研
石,確
石,破
石,砂
石,磁
石,拓
石,砲
石,硬
石,礎
石,碑
石,碁
石,砕
石,硝
石,礁
石,磨
石,硫
石,妬
石,碍
石,磯
石,硯
石,砿
石,砦
石,砥
石,柘
石,碩
石,碓
石,砧
石,碇
石,宕
石,硲
石,磐
石,碧
石,礪
石,砺
石,碗
石,斫
石,鮖
石,蠹
石,蠧
石,跖
石,矼
石,砒
石,砌
石,砠
石,硅
石,碚
石,硼
石,碌
石,碪
石,碣
石,磑
石,磋
石,碾
石,磅
石,碼
石,磊
石,磔
石,磬
石,磧
石,磚
石,磽
石,磴
石,礒
石,礑
石,礙
石,礫
石,礬
石,礦
石,碎
石,硴
石,礇
石,磆
石,鉐
石,碕
石,碆
石,碵
石,碯
石,碑
石,鼫
石,矴
石,矸
石,矻
石,矹
石,矽
石,矺
石,砑
石,砎
石,砍
石,砉
石,硏
石,磇
石,砆
石,砭
石,砅
石,砙
石,砡
石,砝
石,砟
石,砷
石,砣
石,砫
石,砮
石,砵
石,砯
石,砩
石,砰
石,砢
石,砬
石,砹
石,硋
石,硈
石,硊
石,䂬
石,硎
石,硄
石,硃
石,硒
石,硐
石,硇
石,硑
石,硌
石,硉
石,硪
石,确
石,硞
石,硤
石,硜
石,硡
石,硣
石,硨
石,硥
石,硭
石,硠
石,硿
石,䃂
石,碏
石,碊
石,硺
石,碉
石,硾
石,碘
石,碡
石,碔
石,碐
石,碤
石,碬
石,碱
石,碞
石,碶
石,礠
石,碝
石,䃍
石,碳
石,碫
石,碟
石,碲
石,碭
石,碸
石,碥
石,碰
石,碨
石,磤
石,磒
石,磈
石,磕
石,礚
石,碻
石,磎
石,碽
石,碿
石,磉
石,磓
石,磌
石,磏
石,䃕
石,磡
石,磝
石,磪
石,磛
石,磣
石,磩
石,䃚
石,磦
石,䃺
石,磠
石,磖
石,磟
石,礀
石,磵
石,䃣
石,磲
石,磺
石,磶
石,磳
石,磾
石,磹
石,磻
石,磷
石,磿
石,礐
石,礉
石,礏
石,礆
石,礔
石,礌
石,礞
石,礜
石,礛
石,礩
石,礧
石,礨
石,䃯
石,礭
石,礥
石,礮
石,礟
石,礰
石,礱
石,礲
石,礵
石,礴
石,祏
丆,石
丆,着
丆,差
丆,鮺
夕,名
夕,外
夕,多
夕,夢
夕,拶
夕,汐
夕,舛
夕,歹
夕,夘
夕,夛
夕,梦
夕,夤
夕,飧
夕,矽
夕,穸
夕,摉
夕,斘
千,舌
千,挿
千,粁
千,乖
千,仟
千,刋
千,瓩
千,阡
千,竏
千,谸
千,迁
千,臿
千,芊
千,扦
千,揷
先,洗
先,銑
先,跣
先,筅
先,駪
先,詵
兀,先
兀,元
兀,光
兀,微
兀,尭
兀,堯
兀,鼿
兀,髡
兀,阢
兀,豗
兀,軏
兀,虺
兀,矹
兀,扤
川,訓
川,順
川,侃
川,馴
川,釧
川,卅
川,巟
川,䡅
川,紃
川,玔
川,甽
草,愺
早,草
早,章
早,卓
早,覃
足,路
足,距
足,跡
足,跳
足,踏
足,躍
足,踊
足,促
足,践
足,蹴
足,踪
足,捉
足,跨
足,蹟
足,蹄
足,齪
足,跂
足,趺
足,趾
足,跏
足,跖
足,跌
足,跚
足,跛
足,跋
足,跟
足,跣
足,跪
足,跫
足,跼
足,跿
足,踉
足,踝
足,踟
足,踞
足,蹂
足,踵
足,踰
足,踴
足,蹊
足,蹉
足,蹌
足,蹇
足,蹐
足,蹈
足,蹙
足,蹠
足,蹣
足,蹤
足,蹕
足,蹶
足,蹲
足,蹼
足,躅
足,躄
足,躁
足,躇
足,躋
足,躊
足,躓
足,躑
足,躪
足,躙
足,躡
足,躔
足,踈
足,踐
足,躃
足,鋜
足,䠖
足,趷
足,趵
足,趹
足,跀
足,趿
足,趻
足,踸
足,跇
足,跔
足,跙
足,跎
足,跆
足,跅
足,䟡
足,䟣
足,跕
足,跈
足,䟫
足,跊
足,䟦
足,跗
足,跑
足,跬
足,趼
足,跤
足,跲
足,跴
足,跐
足,跧
足,跥
足,跦
足,跽
足,踁
足,踍
足,踆
足,踅
足,踄
足,踠
足,踑
足,踦
足,踘
足,踡
足,踧
足,踥
足,踖
足,踔
足,踢
足,跰
足,踣
足,踒
足,踽
足,踳
足,踷
足,踱
足,踹
足,蹀
足,踶
足,蹏
足,蹁
足,蹍
足,蹎
足,蹋
足,躢
足,蹞
足,蹔
足,蹝
足,䠞
足,蹜
足,蹡
足,蹛
足,蹢
足,蹻
足,蹺
足,蹷
足,蹵
足,蹱
足,蹭
足,蹪
足,䠧
足,蹬
足,蹹
足,蹳
足,蹯
足,蹩
足,䠥
足,躆
足,躂
足,䠱
足,躉
足,踌
足,躚
足,蹮
足,躕
足,蹰
足,躐
足,躒
足,躛
足,躘
足,蹸
足,躞
足,躝
足,躧
足,躩
足,珿
足,䟽
龰,足
龰,走
龰,定
龰,従
龰,是
龰,疋
龰,嚔
龰,從
龰,辵
龰,緃
龰,懥
寸,村
寸,寺
寸,守
寸,対
寸,付
寸,団
寸,導
寸,射
寸,専
寸,尊
寸,討
寸,尋
寸,耐
寸,闘
寸,寿
寸,辱
寸,奪
寸,封
寸,尉
寸,爵
寸,酎
寸,肘
寸,厨
寸,吋
寸,欝
寸,忖
寸,紂
寸,埓
寸,鬪
寸,尅
寸,將
寸,專
寸,對
寸,过
寸,疛
寸,时
大,天
大,太
大,美
大,器
大,参
大,因
大,奥
大,奇
大,突
大,契
大,衡
大,臭
大,奨
大,奔
大,戻
大,爽
大,奈
大,夷
大,奄
大,尖
大,套
大,簒
大,夬
大,夭
大,夲
大,夸
大,夾
大,奕
大,奐
大,奎
大,奚
大,奘
大,奠
大,奢
大,樊
大,爨
大,莽
大,畚
大,奧
大,奬
大,奩
大,夽
大,篡
大,馱
大,䯨
大,䲦
大,䉵
大,釱
大,㚑
大,軑
大,軬
大,达
大,篹
大,籑
大,匲
大,羍
大,耎
大,耷
大,芖
大,忕
大,眘
大,㪺
大,旲
大,昚
男,虜
男,甥
男,嬲
男,舅
男,娚
男,嫐
男,侽
田,男
田,町
田,魚
田,細
田,番
田,界
田,畑
田,鼻
田,胃
田,勇
田,略
田,留
田,異
田,奮
田,畳
田,雷
田,畜
田,畔
田,苗
田,衡
田,累
田,塁
田,畏
田,畿
田,曽
田,思
田,畦
田,鴫
田,畷
田,佃
田,畠
田,毘
田,甸
田,嚔
田,畋
田,鈿
田,畛
田,畚
田,畤
田,畭
田,畸
田,疇
田,畴
田,盧
田,沺
田,疂
田,當
田,甼
田,畄
田,畍
田,畊
田,畉
田,畩
田,畧
田,畫
田,畬
田,毗
田,鶹
田,鍿
田,鎦
田,輺
田,㙒
田,葘
田,甶
田,畵
田,甾
田,畀
田,甿
田,畇
田,畎
田,甽
田,㽘
田,畈
田,畐
田,畟
田,畗
田,畣
田,㽗
田,畮
田,畱
田,㽞
田,畲
田,畯
田,㽟
田,畹
田,畽
田,畼
田,畾
田,疁
田,疃
田,疄
田,畺
田,疅
田,疐
田,懥
力,男
力,助
力,動
力,勉
力,加
力,功
力,努
力,勇
力,労
力,効
力,勢
力,勤
力,幼
力,勧
力,劣
力,勘
力,募
力,励
力,劾
力,勅
力,勃
力,劫
力,肋
力,仂
力,劬
力,劭
力,劼
力,勁
力,勍
力,勣
力,勦
力,飭
力,勠
力,抛
力,朸
力,勒
力,勞
力,勸
力,勳
力,勵
力,釛
力,劵
力,虜
力,勉
力,勤
力,勖
力,拋
力,阞
力,觔
力,勪
力,辦
力,竻
力,艻
力,忇
力,扐
力,勄
竹,算
竹,答
竹,第
竹,笛
竹,等
竹,箱
竹,筆
竹,管
竹,笑
竹,節
竹,簡
竹,筋
竹,策
竹,箇
竹,範
竹,籍
竹,篤
竹,符
竹,簿
竹,筒
竹,箋
竹,箸
竹,籠
竹,筈
竹,竿
竹,箕
竹,笈
竹,笹
竹,纂
竹,笥
竹,竺
竹,篠
竹,箭
竹,箪
竹,筑
竹,簸
竹,箔
竹,筏
竹,篦
竹,箆
竹,篇
竹,笠
竹,簾
竹,篭
竹,筍
竹,笋
竹,簒
竹,笏
竹,笆
竹,笊
竹,笘
竹,笞
竹,笵
竹,笳
竹,笨
竹,笙
竹,笄
竹,筌
竹,筅
竹,筐
竹,筺
竹,筥
竹,筵
竹,筧
竹,筰
竹,筬
竹,筮
竹,筱
竹,筴
竹,箘
竹,箜
竹,箍
竹,箝
竹,箒
竹,箏
竹,筝
竹,箚
竹,箙
竹,篁
竹,篌
竹,篆
竹,篋
竹,箴
竹,篝
竹,篩
竹,篥
竹,簑
竹,簔
竹,篷
竹,簍
竹,簓
竹,簇
竹,簀
竹,簗
竹,篳
竹,簣
竹,簧
竹,簟
竹,簪
竹,簷
竹,簽
竹,簫
竹,籃
竹,籌
竹,籔
竹,籐
竹,籀
竹,籟
竹,籥
竹,籤
竹,籖
竹,籬
竹,籘
竹,籏
竹,笂
竹,笶
竹,箟
竹,篏
竹,篶
竹,節
竹,簞
竹,筓
竹,籒
竹,篡
竹,籲
竹,䉵
竹,竻
竹,竽
竹,笒
竹,笐
竹,笇
竹,䇦
竹,䈔
竹,笴
竹,笱
竹,笧
竹,笮
竹,笫
竹,笽
竹,笪
竹,笤
竹,笯
竹,笲
竹,笰
竹,笣
竹,笭
竹,筇
竹,笻
竹,筁
竹,筀
竹,筕
竹,筊
竹,筎
竹,䇮
竹,笔
竹,笿
竹,筠
竹,筷
竹,筦
竹,筪
竹,筲
竹,筯
竹,筳
竹,筩
竹,筢
竹,筤
竹,箉
竹,箞
竹,笟
竹,箛
竹,箎
竹,篪
竹,竾
竹,筭
竹,箠
竹,箐
竹,䇳
竹,箑
竹,䈉
竹,䈇
竹,箥
竹,箄
竹,箅
竹,箖
竹,箓
竹,箼
竹,箶
竹,篊
竹,箬
竹,篛
竹,箰
竹,箺
竹,箾
竹,箵
竹,篂
竹,篅
竹,箲
竹,䈚
竹,箽
竹,箯
竹,篈
竹,䈎
竹,箻
竹,篔
竹,篙
竹,籭
竹,篘
竹,篨
竹,䈰
竹,篖
竹,篚
竹,篣
竹,篗
竹,籰
竹,簃
竹,簂
竹,簋
竹,簄
竹,簆
竹,篸
竹,篹
竹,簁
竹,簉
竹,筿
竹,篲
竹,簎
竹,篿
竹,篵
竹,䈾
竹,簌
竹,篴
竹,篼
竹,篺
竹,篻
竹,篾
竹,篰
竹,簏
竹,簥
竹,簛
竹,簨
竹,簦
竹,簜
竹,簙
竹,簱
竹,簠
竹,簩
竹,簳
竹,簺
竹,簘
竹,簹
竹,簬
竹,簵
竹,簶
竹,簴
竹,籋
竹,筹
竹,籊
竹,籅
竹,籆
竹,䉤
竹,籑
竹,籓
竹,籞
竹,篽
竹,籡
竹,籛
竹,籗
竹,籜
竹,籚
竹,籙
竹,籧
竹,籣
竹,籢
竹,籩
竹,籮
竹,籯
竹,籝
虫,強
虫,独
虫,蚕
虫,触
虫,騒
虫,蛮
虫,蚊
虫,蛍
虫,繭
虫,蛇
虫,融
虫,虹
虫,蜂
虫,蜜
虫,蛙
虫,蝦
虫,蛾
虫,蟹
虫,蟻
虫,蛤
虫,蛭
虫,蛛
虫,蛸
虫,蝕
虫,蝉
虫,掻
虫,蚤
虫,蛋
虫,蜘
虫,蝶
虫,虻
虫,蠅
虫,蝿
虫,螺
虫,蠣
虫,蛎
虫,蝋
虫,蚓
虫,蚪
虫,蚌
虫,蚩
虫,蚣
虫,蛄
虫,蚰
虫,蛉
虫,蚯
虫,蚶
虫,蚫
虫,蛞
虫,蛬
虫,蛩
虫,蛯
虫,蛔
虫,蛟
虫,蜒
虫,蜉
虫,蜀
虫,蛻
虫,蜊
虫,蜍
虫,蜈
虫,蛆
虫,蛹
虫,蜑
虫,蜆
虫,蜃
虫,蜴
虫,蜿
虫,蜚
虫,蜥
虫,蚋
虫,蜻
虫,蜩
虫,蜷
虫,蝠
虫,蝮
虫,蝌
虫,蝴
虫,蝙
虫,蝓
虫,蝗
虫,蝟
虫,蝎
虫,蝣
虫,蝸
虫,蟇
虫,蟆
虫,螂
虫,螟
虫,蟋
虫,螳
虫,蟀
虫,螯
虫,螻
虫,螫
虫,蟄
虫,蟠
虫,蟒
虫,蠎
虫,蟯
虫,蟾
虫,蟶
虫,蟷
虫,蠖
虫,蠕
虫,蠑
虫,蠏
虫,螢
虫,蟲
虫,蠻
虫,蟐
虫,蝪
虫,蟬
虫,蠟
虫,蜹
虫,蜋
虫,鉵
虫,閩
虫,蠒
虫,䖝
虫,虯
虫,虬
虫,虭
虫,虰
虫,虶
虫,虷
虫,虺
虫,虸
虫,虴
虫,蚏
虫,蚜
虫,蚧
虫,蚑
虫,蚔
虫,蚚
虫,蚖
虫,蝅
虫,蚝
虫,蚇
虫,蚦
虫,蚺
虫,蚍
虫,蚨
虫,蚡
虫,蚠
虫,蚉
虫,蚄
虫,蜯
虫,蚞
虫,蚵
虫,蚷
虫,蚿
虫,蚱
虫,蚻
虫,蚭
虫,蛀
虫,蛅
虫,虵
虫,蚳
虫,蛁
虫,蛈
虫,﨡
虫,蚾
虫,蚹
虫,蛂
虫,蚴
虫,蚸
虫,蛦
虫,蛜
虫,蚘
虫,蛕
虫,蛒
虫,蛫
虫,蛣
虫,蛐
虫,蚈
虫,䖵
虫,䖪
虫,蛥
虫,䖳
虫,蛗
虫,蛑
虫,蛧
虫,蝄
虫,蛘
虫,蛠
虫,蛚
虫,蜎
虫,䖸
虫,蛷
虫,蛺
虫,蜐
虫,蛼
虫,蜄
虫,蜇
虫,蜓
虫,蜔
虫,蛽
虫,蜅
虫,䗬
虫,蛖
虫,蜏
虫,蜲
虫,蜼
虫,蜟
虫,䖤
虫,蜾
虫,蜞
虫,䗁
虫,蜣
虫,蜺
虫,蜡
虫,蜙
虫,蝃
虫,蜨
虫,蝀
虫,蜪
虫,蜱
虫,蜰
虫,蜢
虫,蜮
虫,蜽
虫,蝛
虫,蝘
虫,蝝
虫,蝯
虫,蝰
虫,䗐
虫,蝑
虫,蝤
虫,蝍
虫,蝡
虫,蝻
虫,蝏
虫,蝭
虫,蝳
虫,蝜
虫,蝥
虫,蝲
虫,螠
虫,螧
虫,螐
虫,螉
虫,螘
虫,螇
虫,螈
虫,螄
虫,螅
虫,螔
虫,螆
虫,螓
虫,螋
虫,螗
虫,螞
虫,螌
虫,螕
虫,螃
虫,螱
虫,螾
虫,蟈
虫,䗪
虫,螿
虫,螀
虫,蟑
虫,螬
虫,䗥
虫,螭
虫,螮
虫,螲
虫,螵
虫,蟎
虫,䗤
虫,蟉
虫,蝼
虫,蟵
虫,蟫
虫,蟣
虫,蟢
虫,蟜
虫,蟪
虫,蟥
虫,蟖
虫,蟴
虫,蟭
虫,蟓
虫,蟙
虫,蟳
虫,蟤
虫,蟱
虫,蟛
虫,蟚
虫,蟟
虫,蟧
虫,蠁
虫,䖮
虫,蟿
虫,蠉
虫,蟕
虫,蠋
虫,蟺
虫,蠆
虫,蟦
虫,蠊
虫,蠔
虫,蠐
虫,蠘
虫,蠙
虫,蠓
虫,蠃
虫,蠇
虫,蠞
虫,蠜
虫,蠛
虫,䗶
虫,蠥
虫,蠪
虫,蠮
虫,蠨
虫,蟰
虫,蠰
虫,蠷
虫,蠵
虫,蠸
虫,蠼
虫,蝐
中,仲
中,貴
中,忠
中,遣
中,沖
中,串
中,嚢
中,蠹
中,狆
中,迚
中,冲
中,囊
中,叓
中,馽
中,翀
中,盅
中,种
中,忡
丨,中
丨,引
丨,当
丨,半
丨,着
丨,候
丨,差
丨,良
丨,旧
丨,妻
丨,在
丨,修
丨,勤
丨,冊
丨,専
丨,存
丨,拝
丨,介
丨,恵
丨,井
丨,奉
丨,亜
丨,謹
丨,繭
丨,粛
丨,肖
丨,弔
丨,爾
丨,而
丨,弗
丨,婁
丨,冉
丨,丗
丨,叟
丨,脩
丨,絛
丨,熏
丨,倏
丨,菫
丨,个
丨,鬥
丨,惠
丨,廾
丨,齊
丨,兩
丨,拜
丨,渊
丨,埀
丨,條
丨,專
丨,舉
丨,攸
丨,黑
丨,丅
丨,丌
丨,丄
丨,丯
丨,丰
丨,丮
丨,丳
丨,髙
丨,鮺
丨,鯈
丨,鯗
丨,鞗
丨,頥
丨,镸
丨,羋
丨,芈
丨,翛
丨,睂
丁,町
丁,打
丁,灯
丁,可
丁,頂
丁,庁
丁,訂
丁,亭
丁,寧
丁,釘
丁,汀
丁,叮
丁,酊
丁,疔
丁,甼
丁,亍
丁,靪
丁,飣
丁,耓
丁,耵
丁,虰
丁,玎
丁,矴
天,蚕
天,奏
天,昊
天,癸
天,吞
天,龑
天,蝅
天,蠺
天,祆
天,㤁
土,寺
土,社
土,場
土,走
土,地
土,去
土,坂
土,塩
土,型
土,周
土,達
土,堂
土,圧
土,基
土,境
土,均
土,在
土,舎
土,増
土,墓
土,域
土,至
土,城
土,壊
土,堅
土,堤
土,吐
土,塔
土,壁
土,坊
土,塊
土,坑
土,墾
土,壇
土,墜
土,塗
土,墳
土,墨
土,埋
土,垣
土,堪
土,塾
土,壌
土,塑
土,堕
土,塚
土,坪
土,培
土,塀
土,堀
土,塁
土,毀
土,塞
土,埼
土,堆
土,填
土,堰
土,堺
土,塙
土,垢
土,圭
土,壕
土,坤
土,坐
土,庄
土,埴
土,塵
土,杜
土,竈
土,竃
土,坦
土,堵
土,塘
土,埠
土,牡
土,埜
土,堽
土,嗇
土,圦
土,坎
土,圻
土,址
土,坏
土,坩
土,坡
土,坿
土,垓
土,垠
土,垤
土,埃
土,埆
土,埒
土,堊
土,堋
土,堙
土,堝
土,堡
土,塋
土,塒
土,塹
土,墅
土,墟
土,壅
土,壑
土,壙
土,壜
土,壟
土,廛
土,敖
土,肚
土,陞
土,疆
土,赱
土,壤
土,墮
土,圷
土,圸
土,墺
土,埔
土,汢
土,垈
土,垉
土,垳
土,垪
土,垰
土,埓
土,埖
土,埣
土,塲
土,塢
土,塰
土,壥
土,墻
土,壻
土,墹
土,墫
土,壞
土,墸
土,壓
土,壗
土,壘
土,對
土,袁
土,墨
土,社
土,增
土,塡
土,埳
土,坵
土,釷
土,㘫
土,堦
土,隉
土,壄
土,㙒
土,羐
土,芏
土,㽵
土,壐
土,壃
土,瘞
土,灶
土,皨
二,半
二,里
二,発
二,夫
二,仁
二,井
二,奉
二,云
二,些
二,竺
二,弍
二,佞
二,聿
二,亞
二,貳
二,埀
二,乕
二,舉
二,黑
二,丮
二,亝
二,亐
二,羋
二,芈
二,㫄
入,込
入,兪
入,叺
入,圦
入,鳰
入,兩
入,杁
入,兦
入,魞
入,釞
入,籴
入,扖
年,鵇
白,百
白,楽
白,原
白,習
白,的
白,皇
白,泉
白,皆
白,泊
白,拍
白,迫
白,伯
白,舶
白,皐
白,皋
白,兜
白,柏
白,狛
白,粕
白,畠
白,帛
白,怕
白,魄
白,珀
白,袙
白,皎
白,皓
白,皖
白,皙
白,皚
白,樂
白,皀
白,皃
白,皈
白,岶
白,鮊
白,鉑
白,貃
白,㒵
白,廹
白,絈
白,蘤
白,皁
白,皂
白,皅
白,皌
白,皏
白,㿥
白,皛
白,皜
白,皡
白,皞
白,皥
白,皠
白,皟
白,皤
白,皣
白,皧
白,皦
白,皫
白,皪
白,皬
白,皭
白,敫
白,皢
八,六
八,公
八,谷
八,父
八,分
八,寒
八,具
八,共
八,兵
八,益
八,興
八,穴
八,呉
八,塞
八,寅
八,其
八,只
八,爾
八,酋
八,嚢
八,輿
八,圀
八,兌
八,叭
八,搴
八,寨
八,曾
八,蹇
八,騫
八,謇
八,賽
八,邉
八,兮
八,釟
八,釡
八,眞
八,睿
八,與
八,鯗
八,鶱
八,㒵
八,虡
八,褰
八,㐮
八,玐
八,益
八,扒
八,摉
百,佰
百,瓸
百,陌
百,粨
百,貊
百,竡
百,栢
百,凮
百,袹
百,皕
本,体
本,鉢
本,笨
本,躰
本,䱁
本,缽
本,苯
本,砵
名,銘
名,酩
名,茗
名,詺
目,算
目,直
目,具
目,県
目,相
目,着
目,省
目,眼
目,看
目,瞬
目,盾
目,冒
目,眠
目,睡
目,眺
目,督
目,盲
目,瞳
目,眉
目,睦
目,瞭
目,鼎
目,瞥
目,簒
目,夐
目,泪
目,盻
目,眇
目,眈
目,眄
目,眛
目,眩
目,眷
目,眥
目,眦
目,眸
目,睇
目,睫
目,睨
目,睛
目,睚
目,睥
目,睹
目,瞎
目,瞑
目,瞋
目,瞠
目,瞞
目,瞰
目,瞼
目,矇
目,瞻
目,瞽
目,矚
目,苜
目,瞹
目,眞
目,眤
目,睿
目,瞶
目,篡
目,䉵
目,鉬
目,霿
目,眎
目,篹
目,籑
目,盰
目,盱
目,盶
目,眂
目,盹
目,眨
目,盼
目,睂
目,䀎
目,眆
目,眊
目,眀
目,眙
目,眗
目,䀠
目,眡
目,䀢
目,䀵
目,眒
目,眕
目,眚
目,眝
目,眜
目,眑
目,眢
目,眭
目,眶
目,䀮
目,䀪
目,眵
目,眴
目,䀏
目,眲
目,眹
目,眮
目,眽
目,眿
目,眯
目,睋
目,睆
目,睅
目,睎
目,睍
目,睊
目,睏
目,睃
目,䀹
目,睄
目,睢
目,睠
目,睧
目,睬
目,睟
目,睜
目,睗
目,睒
目,睭
目,睖
目,睤
目,睞
目,睩
目,睽
目,睳
目,睺
目,睴
目,睲
目,睼
目,睰
目,瞄
目,瞀
目,瞌
目,瞍
目,瞇
目,䁘
目,瞖
目,瞔
目,瞚
目,瞕
目,䁢
目,瞟
目,瞢
目,矒
目,瞯
目,瞷
目,瞲
目,瞤
目,瞧
目,瞮
目,瞪
目,瞱
目,瞵
目,矎
目,矃
目,矉
目,䁾
目,矐
目,矑
目,䂃
目,矕
目,䂄
目,矙
目,矘
目,瞩
目,窅
目,眘
文,対
文,紋
文,蚊
文,斑
文,斐
文,斌
文,吝
文,旻
文,閔
文,紊
文,虔
文,馼
文,斈
文,斊
文,斋
文,雯
文,这
文,芠
文,蚉
文,玟
文,產
文,忞
文,忟
文,抆
文,辬
文,斒
文,斕
文,斖
文,旼
亠,文
亠,六
亠,京
亠,交
亠,高
亠,市
亠,夜
亠,育
亠,商
亠,衣
亠,卒
亠,亡
亠,玄
亠,豪
亠,棄
亠,帝
亠,享
亠,充
亠,亭
亠,亦
亠,亥
亠,亨
亠,亮
亠,雜
亠,亢
亠,旁
亠,毫
亠,雍
亠,韲
亠,亳
亠,亰
亠,弃
亠,齊
亠,卞
亠,竒
亠,椉
亠,亯
亠,髙
亠,豙
亠,綂
亠,薧
亠,畗
乂,文
乂,父
乂,艾
乂,爻
右,若
右,佑
右,祐
右,醢
右,祐
右,䧺
六,宍
引,矧
引,蚓
引,靷
引,訠
引,紖
弓,引
弓,強
弓,弱
弓,張
弓,弾
弓,弧
弓,弦
弓,弔
弓,弥
弓,夷
弓,粥
弓,彊
弓,弘
弓,弛
弓,弼
弓,弗
弓,弖
弓,弩
弓,弭
弓,弸
弓,彎
弓,弯
弓,躬
弓,疆
弓,穹
弓,發
弓,彁
弓,彈
弓,彌
弓,弽
弓,霛
弓,芎
弓,矤
弓,宆
羽,習
羽,翌
羽,扇
羽,翼
羽,翻
羽,翁
羽,翰
羽,翠
羽,翆
羽,搨
羽,栩
羽,榻
羽,翅
羽,翊
羽,翔
羽,翕
羽,翡
羽,翦
羽,翩
羽,翳
羽,翹
羽,挧
羽,鰨
羽,闒
羽,詡
羽,趐
羽,蹋
羽,遢
羽,羿
羽,羾
羽,翃
羽,翄
羽,翀
羽,翈
羽,翏
羽,翎
羽,翛
羽,翣
羽,翟
羽,翢
羽,翬
羽,翨
羽,翥
羽,翮
羽,翯
羽,翲
羽,翺
羽,翱
羽,翶
羽,翽
羽,翾
羽,翿
羽,䑽
羽,珝
雲,曇
雲,靉
雲,靆
雲,繧
雲,霒
雲,蕓
云,雲
云,会
云,転
云,芸
云,伝
云,魂
云,耘
云,紜
云,藝
云,夽
云,䰟
云,䲰
云,侌
云,运
云,䢵
云,耺
云,忶
云,抎
遠,薳
辶,遠
辶,近
辶,週
辶,通
辶,道
辶,運
辶,進
辶,送
辶,速
辶,追
辶,返
辶,遊
辶,選
辶,達
辶,辺
辶,連
辶,過
辶,逆
辶,述
辶,造
辶,退
辶,適
辶,迷
辶,遺
辶,違
辶,迎
辶,遣
辶,込
辶,巡
辶,遅
辶,途
辶,透
辶,逃
辶,迫
辶,避
辶,遇
辶,遵
辶,遂
辶,遭
辶,逮
辶,逸
辶,還
辶,遮
辶,迅
辶,逝
辶,遷
辶,逐
辶,逓
辶,迭
辶,遍
辶,遡
辶,遜
辶,迂
辶,迦
辶,迄
辶,這
辶,遁
辶,逗
辶,迺
辶,辻
辶,辿
辶,逼
辶,逢
辶,遥
辶,遼
辶,暹
辶,辷
辶,迚
辶,迢
辶,迥
辶,迪
辶,逅
辶,迹
辶,迴
辶,逑
辶,逕
辶,逞
辶,逧
辶,逡
辶,逖
辶,逋
辶,逍
辶,迸
辶,逵
辶,遐
辶,遒
辶,逎
辶,遖
辶,遏
辶,遑
辶,逾
辶,遉
辶,遘
辶,遯
辶,遨
辶,遶
辶,邁
辶,邂
辶,邀
辶,遽
辶,邇
辶,邏
辶,迯
辶,逹
辶,遙
辶,邉
辶,邊
辶,逶
辶,遞
辶,遲
辶,迩
辶,逸
辶,逬
辶,辸
辶,迃
辶,迀
辶,达
辶,运
辶,迋
辶,迓
辶,迕
辶,迒
辶,迊
辶,迍
辶,﨤
辶,迤
辶,迆
辶,逈
辶,䢛
辶,迮
辶,迠
辶,迣
辶,迱
辶,迨
辶,迻
辶,适
辶,迿
辶,迵
辶,逄
辶,迶
辶,迾
辶,逛
辶,这
辶,逘
辶,逷
辶,逌
辶,逳
辶,逭
辶,逪
辶,逴
辶,逨
辶,逯
辶,过
辶,遌
辶,遃
辶,遄
辶,遟
辶,逿
辶,逩
辶,遝
辶,遢
辶,遛
辶,遦
辶,遧
辶,遬
辶,遰
辶,遹
辶,遻
辶,迁
辶,遴
辶,还
辶,邅
辶,邋
辶,邌
辶,邎
辶,邐
辶,蒁
袁,遠
袁,園
袁,猿
袁,轅
袁,瞏
園,薗
家,嫁
家,稼
家,糘
家,鎵
豕,家
豕,豪
豕,豚
豕,逐
豕,琢
豕,豢
豕,豬
豕,豖
豕,豗
豕,豛
豕,豙
豕,豘
豕,豝
豕,豦
豕,豣
豕,豜
豕,豤
豕,豨
豕,豩
豕,䝋
豕,豭
豕,豲
豕,豵
豕,豶
豕,䝔
豕,蟸
豕,甤
何,荷
可,何
可,河
可,奇
可,苛
可,阿
可,珂
可,呵
可,哥
可,柯
可,軻
可,舸
可,訶
可,竒
可,䶗
可,䯊
可,鴚
可,鈳
可,笴
可,蚵
可,疴
可,砢
夏,榎
夏,嗄
夏,廈
夏,厦
自,夏
自,首
自,息
自,鼻
自,憩
自,臭
自,戛
自,邉
自,臭
自,衟
自,辠
自,臫
自,臬
自,臰
自,臱
自,癟
自,臯
夂,夏
夂,後
夂,冬
夂,麦
夂,愛
夂,各
夂,変
夂,条
夂,処
夂,憂
夂,慶
夂,夐
夂,倏
夂,鑁
夂,麥
夂,鎫
夂,錽
夂,夅
夂,贛
夂,畟
科,蝌
科,萪
禾,科
禾,秋
禾,委
禾,秒
禾,和
禾,季
禾,種
禾,積
禾,利
禾,移
禾,税
禾,程
禾,穀
禾,私
禾,秘
禾,稿
禾,香
禾,秀
禾,称
禾,稲
禾,穏
禾,穫
禾,穂
禾,稚
禾,稼
禾,租
禾,秩
禾,稽
禾,穎
禾,稀
禾,穐
禾,龝
禾,黍
禾,秤
禾,穣
禾,秦
禾,稔
禾,禿
禾,稗
禾,穆
禾,稜
禾,黎
禾,犂
禾,酥
禾,秕
禾,秣
禾,秬
禾,秧
禾,稈
禾,稍
禾,稟
禾,稠
禾,稷
禾,穢
禾,穡
禾,乘
禾,秡
禾,稘
禾,稙
禾,蘓
禾,稱
禾,稻
禾,稾
禾,穃
禾,穗
禾,穉
禾,穩
禾,穰
禾,穀
禾,麇
禾,黧
禾,鵹
禾,鑙
禾,秶
禾,稉
禾,穤
禾,稬
禾,褎
禾,盉
禾,秼
禾,秂
禾,秆
禾,秇
禾,秄
禾,秈
禾,秅
禾,秔
禾,秏
禾,秌
禾,秖
禾,种
禾,秭
禾,秫
禾,秪
禾,秥
禾,秚
禾,秠
禾,秞
禾,秢
禾,秝
禾,秸
禾,䅈
禾,秱
禾,稅
禾,稊
禾,稌
禾,䅏
禾,稃
禾,稆
禾,稂
禾,稞
禾,稛
禾,稇
禾,稡
禾,稕
禾,稑
禾,稭
禾,稧
禾,䅣
禾,稰
禾,稯
禾,稫
禾,稨
禾,稸
禾,稴
禾,稵
禾,稹
禾,稺
禾,穊
禾,穅
禾,䅽
禾,穇
禾,穄
禾,穌
禾,䅺
禾,穈
禾,穋
禾,穖
禾,穝
禾,穛
禾,穕
禾,穜
禾,穙
禾,穠
禾,穟
禾,䆃
禾,穪
禾,穧
禾,穥
禾,穬
禾,穮
禾,穭
禾,穱
斗,科
斗,料
斗,斜
斗,斡
斗,魁
斗,抖
斗,斛
斗,斟
斗,蚪
斗,鈄
斗,鬦
斗,閗
斗,阧
斗,酙
斗,紏
斗,戽
斗,斘
斗,㪷
斗,斝
斗,斚
斗,斞
斗,斠
斗,㪺
斗,斣
哥,歌
哥,謌
哥,彁
哥,鎶
欠,歌
欠,飲
欠,次
欠,欲
欠,歓
欠,吹
欠,欧
欠,欺
欠,炊
欠,款
欠,軟
欠,欣
欠,欽
欠,歎
欠,坎
欠,嵌
欠,蠍
欠,欸
欠,欷
欠,欹
欠,歇
欠,歃
欠,歉
欠,歟
欠,歛
欠,歔
欠,歙
欠,飮
欠,篏
欠,歐
欠,歡
欠,歖
欠,㱃
欠,赥
欠,㳄
欠,芡
欠,砍
欠,㦤
欠,忺
欠,扻
欠,歝
由,画
由,笛
由,油
由,宙
由,届
由,軸
由,抽
由,袖
由,寅
由,紬
由,柚
由,冑
由,岫
由,鼬
由,蚰
由,胄
由,舳
由,釉
由,迪
由,廸
由,鮋
由,䩜
由,頔
由,鈾
由,褏
由,甹
由,畁
由,秞
由,怞
凵,画
凵,歯
凵,凶
凵,謡
凵,揺
凵,屯
凵,函
凵,凾
凵,遥
凵,屮
凵,瑶
凵,鬯
凵,齒
凵,鑁
凵,擊
凵,繫
凵,轚
凵,蟿
凵,畵
会,絵
会,桧
回,廻
回,嗇
回,徊
回,蛔
回,茴
回,迴
回,鮰
回,靣
回,絗
回,恛
海,塰
氵,海
氵,活
氵,汽
氵,池
氵,泳
氵,温
氵,漢
氵,決
氵,湖
氵,港
氵,酒
氵,消
氵,深
氵,注
氵,湯
氵,波
氵,油
氵,洋
氵,流
氵,泣
氵,治
氵,清
氵,浅
氵,法
氵,満
氵,浴
氵,漁
氵,液
氵,演
氵,河
氵,潔
氵,減
氵,混
氵,測
氵,沿
氵,激
氵,源
氵,済
氵,洗
氵,潮
氵,派
氵,汚
氵,汗
氵,況
氵,沼
氵,浸
氵,沢
氵,濁
氵,淡
氵,沖
氵,澄
氵,沈
氵,滴
氵,添
氵,渡
氵,濃
氵,泊
氵,浜
氵,浮
氵,漫
氵,溶
氵,涙
氵,滑
氵,湿
氵,潤
氵,瀬
氵,潜
氵,滞
氵,滝
氵,泌
氵,漂
氵,没
氵,滅
氵,濫
氵,漏
氵,浪
氵,湾
氵,渦
氵,涯
氵,潟
氵,渇
氵,渓
氵,洪
氵,江
氵,溝
氵,滋
氵,漆
氵,渋
氵,汁
氵,淑
氵,渉
氵,浄
氵,津
氵,漸
氵,濯
氵,漬
氵,泥
氵,洞
氵,漠
氵,沸
氵,浦
氵,泡
氵,涼
氵,淫
氵,潰
氵,沙
氵,汰
氵,溺
氵,氾
氵,汎
氵,湧
氵,沃
氵,渥
氵,溢
氵,洩
氵,淵
氵,漑
氵,澗
氵,灌
氵,潅
氵,汲
氵,浩
氵,鴻
氵,濠
氵,濡
氵,洲
氵,淳
氵,渚
氵,汝
氵,湘
氵,瀞
氵,汐
氵,湊
氵,漕
氵,湛
氵,灘
氵,瀦
氵,潴
氵,汀
氵,淀
氵,澱
氵,淘
氵,濤
氵,涛
氵,涜
氵,沌
氵,溌
氵,瀕
氵,沫
氵,涌
氵,洛
氵,浬
氵,溜
氵,梁
氵,淋
氵,漣
氵,漉
氵,溯
氵,澂
氵,濶
氵,汕
氵,汪
氵,沍
氵,沚
氵,沁
氵,汨
氵,沂
氵,沐
氵,泛
氵,沛
氵,泓
氵,泗
氵,沽
氵,沮
氵,泝
氵,泄
氵,泅
氵,沱
氵,泪
氵,泯
氵,沾
氵,洸
氵,洽
氵,洌
氵,洟
氵,洶
氵,洵
氵,洒
氵,洫
氵,浣
氵,浙
氵,涕
氵,涓
氵,浹
氵,浚
氵,涅
氵,涎
氵,淹
氵,淬
氵,淒
氵,涵
氵,涸
氵,淅
氵,淙
氵,淆
氵,淪
氵,淌
氵,淤
氵,渙
氵,渣
氵,湲
氵,渭
氵,湮
氵,湫
氵,渾
氵,湍
氵,渺
氵,渫
氵,游
氵,溂
氵,渟
氵,湎
氵,渝
氵,湃
氵,滉
氵,溽
氵,滄
氵,溏
氵,溥
氵,溷
氵,滔
氵,滂
氵,溘
氵,溟
氵,溲
氵,滾
氵,漲
氵,滬
氵,滸
氵,漱
氵,漾
氵,滲
氵,漓
氵,滷
氵,滌
氵,潸
氵,潘
氵,澎
氵,潺
氵,潭
氵,澆
氵,潯
氵,潦
氵,澡
氵,澪
氵,澣
氵,澹
氵,澳
氵,濆
氵,濬
氵,濘
氵,濔
氵,瀋
氵,濺
氵,濛
氵,瀁
氵,瀏
氵,瀉
氵,瀑
氵,濾
氵,瀚
氵,瀛
氵,瀝
氵,瀟
氵,瀾
氵,瀲
氵,瀰
氵,灑
氵,粱
氵,衍
氵,滓
氵,泱
氵,沺
氵,灣
氵,瀘
氵,濮
氵,濱
氵,澤
氵,濕
氵,濂
氵,澁
氵,泙
氵,洙
氵,洳
氵,浤
氵,汢
氵,汾
氵,汳
氵,沒
氵,渊
氵,淇
氵,淦
氵,濟
氵,淞
氵,淨
氵,淺
氵,淕
氵,淮
氵,渮
氵,瀧
氵,湟
氵,湶
氵,渤
氵,滿
氵,溪
氵,滯
氵,澀
氵,潛
氵,濳
氵,潼
氵,澑
氵,澍
氵,海
氵,渚
氵,漢
氵,瀨
氵,涉
氵,淚
氵,渴
氵,溫
氵,瀆
氵,潑
氵,灩
氵,灔
氵,㵎
氵,沪
氵,鸂
氵,湌
氵,㴑
氵,㳄
氵,薓
氵,漥
毎,海
毎,梅
毎,敏
毎,悔
毎,侮
毎,晦
毎,誨
毎,莓
毎,毓
毎,鋂
毎,珻
毎,痗
毎,勄
外,迯
卜,外
卜,占
卜,掛
卜,卓
卜,赴
卜,貞
卜,朴
卜,訃
卜,卦
卜,仆
卜,鹵
卜,褂
卜,攴
卜,卞
卜,虍
卜,睿
卜,鼑
卜,釙
卜,卧
卜,䜭
卜,卥
卜,卨
卜,扑
卜,敹
角,解
角,触
角,埆
角,斛
角,鵤
角,桷
角,觝
角,觚
角,觜
角,觴
角,觧
角,觸
角,觓
角,觔
角,觖
角,觕
角,觘
角,觟
角,觡
角,觥
角,觵
角,觩
角,觫
角,觭
角,䚡
角,觱
角,觳
角,觶
角,觗
角,觺
角,觿
角,觹
角,觽
角,确
角,捔
楽,薬
楽,檪
楽,䃯
活,闊
活,萿
舌,活
舌,話
舌,辞
舌,乱
舌,憩
舌,括
舌,筈
舌,甜
舌,刮
舌,恬
舌,蛞
舌,銛
舌,聒
舌,舐
舌,舍
舌,䯏
舌,髺
舌,鴰
舌,颳
舌,餂
舌,适
舌,舏
舌,䑛
舌,舓
舌,舑
舌,䑙
舌,舕
舌,舔
舌,舙
舌,舚
舌,䒷
舌,甛
彦,顔
頁,顔
頁,頭
頁,題
頁,願
頁,順
頁,類
頁,額
頁,預
頁,領
頁,頂
頁,項
頁,頼
頁,顧
頁,頑
頁,顕
頁,煩
頁,頒
頁,頻
頁,顎
頁,頃
頁,須
頁,頓
頁,頬
頁,穎
頁,頸
頁,頚
頁,碩
頁,顛
頁,頗
頁,囂
頁,頏
頁,頌
頁,頡
頁,頤
頁,頷
頁,頽
頁,顆
頁,顋
頁,顫
頁,顱
頁,顴
頁,顳
頁,頴
頁,潁
頁,顯
頁,顏
頁,類
頁,顚
頁,頰
頁,龥
頁,頄
頁,頇
頁,頍
頁,頎
頁,頊
頁,䪴
頁,頙
頁,䪼
頁,頔
頁,頖
頁,頞
頁,頦
頁,頠
頁,頟
頁,頜
頁,頫
頁,頪
頁,頵
頁,頮
頁,頯
頁,頣
頁,䫇
頁,頹
頁,頺
頁,頲
頁,頳
頁,䫉
頁,頥
頁,顊
頁,顄
頁,䫏
頁,顇
頁,顀
頁,頩
頁,顈
頁,顉
頁,顑
頁,顒
頁,顐
頁,顓
頁,顗
頁,顖
頁,䪿
頁,顙
頁,䫙
頁,顣
頁,顢
頁,顥
頁,顦
頁,顪
頁,顩
頁,顬
頁,纇
丸,執
丸,孰
丸,笂
丸,骫
丸,釻
丸,紈
丸,芄
丸,秇
言,記
言,計
言,語
言,読
言,話
言,詩
言,談
言,調
言,課
言,議
言,訓
言,試
言,信
言,説
言,許
言,護
言,講
言,識
言,謝
言,証
言,設
言,評
言,警
言,誤
言,誌
言,詞
言,諸
言,誠
言,誕
言,討
言,認
言,訪
言,訳
言,論
言,詰
言,誇
言,詳
言,訴
言,誉
言,謡
言,詠
言,該
言,獄
言,諮
言,譲
言,請
言,託
言,諾
言,訂
言,謀
言,誘
言,謁
言,謹
言,謙
言,詐
言,訟
言,詔
言,診
言,誓
言,譜
言,諭
言,諧
言,詣
言,詮
言,誰
言,諦
言,謎
言,訃
言,謂
言,諫
言,諌
言,誼
言,訣
言,諺
言,讃
言,讚
言,這
言,諏
言,訊
言,詑
言,詫
言,註
言,諜
言,誹
言,謬
言,諒
言,謌
言,燮
言,訖
言,訌
言,訐
言,訛
言,訝
言,訥
言,詛
言,詈
言,訶
言,詁
言,詆
言,詒
言,詭
言,詢
言,誄
言,詬
言,誅
言,誂
言,詼
言,誨
言,誡
言,誣
言,誦
言,誚
言,誑
言,誥
言,諄
言,諚
言,諍
言,諂
言,諤
言,諠
言,諢
言,謔
言,諞
言,諳
言,諷
言,諛
言,諡
言,謚
言,諱
言,謇
言,謐
言,謗
言,謖
言,謦
言,謾
言,謳
言,謫
言,謨
言,譁
言,譌
言,譚
言,譏
言,譎
言,譖
言,譛
言,譫
言,譬
言,譟
言,譴
言,讌
言,讐
言,讎
言,讙
言,讖
言,讒
言,證
言,譯
言,謠
言,譽
言,讀
言,讓
言,辯
言,諸
言,謁
言,謹
言,霅
言,訄
言,訅
言,訆
言,訇
言,䚯
言,訑
言,訔
言,訏
言,訒
言,訕
言,訩
言,詾
言,訢
言,訤
言,訯
言,訬
言,訠
言,訦
言,訫
言,訧
言,訞
言,䚻
言,詍
言,詇
言,詎
言,詓
言,詘
言,詗
言,詃
言,訹
言,訷
言,詀
言,訵
言,詝
言,䛏
言,詄
言,詉
言,詜
言,詖
言,詅
言,誃
言,詿
言,詻
言,誆
言,詡
言,訽
言,詥
言,詤
言,謊
言,詧
言,訾
言,訿
言,誀
言,詶
言,詵
言,詹
言,詷
言,詺
言,䛡
言,誐
言,誋
言,誒
言,誩
言,誙
言,誟
言,說
言,誗
言,誖
言,誧
言,誏
言,諆
言,諊
言,誾
言,誳
言,諕
言,諉
言,諔
言,誯
言,諗
言,誶
言,諓
言,諑
言,諈
言,諃
言,讇
言,誻
言,誷
言,誮
言,讍
言,諴
言,諼
言,諟
言,諰
言,諿
言,諝
言,諶
言,諵
言,䛕
言,謍
言,謞
言,謋
言,謑
言,䜁
言,謜
言,謅
言,謆
言,謕
言,謟
言,謣
言,謷
言,謸
言,謰
言,譆
言,譑
言,譃
言,䜘
言,譓
言,譙
言,譔
言,譂
言,譄
言,譈
言,譒
言,䜌
言,譩
言,譭
言,譞
言,譣
言,譍
言,譹
言,譅
言,譸
言,譶
言,譼
言,譿
言,讅
言,譾
言,謭
言,讁
言,讄
言,讏
言,讋
言,讔
言,䜛
言,䜟
言,讕
言,譋
言,讘
言,讛
言,讞
言,讝
言,讜
言,讟
言,諐
言,悥
己,記
己,起
己,配
己,改
己,紀
己,包
己,巻
己,忌
己,妃
己,巽
己,杞
己,芑
己,玘
己,忋
帚,帰
帚,婦
帚,掃
帚,箒
帚,菷
帚,歸
帚,鯞
帚,薓
牛,物
牛,特
牛,牧
牛,解
牛,件
牛,犠
牛,牲
牛,牽
牛,犀
牛,牝
牛,牡
牛,牟
牛,牢
牛,吽
牛,牴
牛,牾
牛,犂
牛,犁
牛,犇
牛,犒
牛,犖
牛,犢
牛,犧
牛,鈝
牛,觕
牛,窂
魚,漁
魚,鮮
魚,鯨
魚,鮪
魚,鰯
魚,鮭
魚,鰐
魚,鰭
魚,鰹
魚,鮫
魚,鰍
魚,鯖
魚,鱈
魚,鰺
魚,鯵
魚,鱒
魚,鯛
魚,鮎
魚,鰻
魚,鮒
魚,鯉
魚,鱗
魚,魯
魚,魴
魚,鮃
魚,鮓
魚,鮑
魚,鮗
魚,鮖
魚,鮟
魚,鮨
魚,鮠
魚,鮴
魚,鯀
魚,鯊
魚,鯒
魚,鯑
魚,鯏
魚,鮹
魚,鯣
魚,鯢
魚,鯤
魚,鯲
魚,鯡
魚,鯔
魚,鯱
魚,鯰
魚,鰓
魚,鰉
魚,鰔
魚,鰕
魚,鰌
魚,鰈
魚,鰆
魚,鰒
魚,鰊
魚,鰄
魚,鰮
魚,鰛
魚,鰥
魚,鰤
魚,鰰
魚,鱆
魚,鱇
魚,鰾
魚,鱚
魚,鱠
魚,鱧
魚,鱶
魚,鱸
魚,鰡
魚,鰲
魚,鯆
魚,蘓
魚,鱉
魚,䰲
魚,魞
魚,魛
魚,魟
魚,䰵
魚,魡
魚,魪
魚,䰻
魚,魥
魚,魭
魚,魧
魚,魦
魚,魣
魚,魳
魚,魫
魚,魶
魚,魹
魚,魨
魚,魸
魚,䰽
魚,魬
魚,魮
魚,魵
魚,䰷
魚,魷
魚,䱀
魚,魼
魚,鮔
魚,䱁
魚,鮏
魚,鯹
魚,鮀
魚,鮐
魚,鮊
魚,鮁
魚,鮍
魚,魾
魚,鮇
魚,鮅
魚,鮄
魚,鮋
魚,䱂
魚,魿
魚,鮣
魚,鮱
魚,鮰
魚,鮚
魚,鮬
魚,鮯
魚,䱎
魚,䱍
魚,䱭
魚,䲛
魚,䱈
魚,鮆
魚,鱭
魚,鮞
魚,鮛
魚,鮡
魚,鮧
魚,鮦
魚,鮩
魚,鮲
魚,鮥
魚,鮤
魚,鯎
魚,鯇
魚,鰀
魚,鯁
魚,鮌
魚,鯋
魚,鮺
魚,鮻
魚,䱗
魚,鮼
魚,鯐
魚,鮾
魚,鯘
魚,鮵
魚,鮿
魚,鮷
魚,䱐
魚,鮸
魚,鯈
魚,䱒
魚,䱌
魚,䱤
魚,鯕
魚,䱡
魚,䱟
魚,鯝
魚,䱜
魚,鯞
魚,䱙
魚,鯧
魚,䱽
魚,鯗
魚,鮝
魚,鯜
魚,鯳
魚,鯯
魚,䱥
魚,鯫
魚,鯮
魚,鮉
魚,鯟
魚,鯥
魚,鯪
魚,鯩
魚,鰋
魚,鰅
魚,鯸
魚,鯶
魚,鰙
魚,鰇
魚,鯺
魚,鯽
魚,鯼
魚,鰂
魚,鰖
魚,鯷
魚,䱱
魚,鰚
魚,鰏
魚,鯾
魚,鯿
魚,鰘
魚,鰑
魚,鰞
魚,鰪
魚,䱵
魚,䱻
魚,鰜
魚,鰬
魚,鰝
魚,䱹
魚,鰣
魚,鰦
魚,鰠
魚,鰨
魚,鰢
魚,鰟
魚,鰩
魚,鰫
魚,䲁
魚,鰴
魚,䲅
魚,鰶
魚,鰼
魚,鰽
魚,鱃
魚,鱂
魚,鰷
魚,䱔
魚,鰿
魚,鱄
魚,䲃
魚,鱁
魚,鰵
魚,鱅
魚,鰱
魚,鰳
魚,鱊
魚,鱛
魚,鱎
魚,鱖
魚,鱑
魚,鱏
魚,鱘
魚,鱓
魚,䱇
魚,鱔
魚,鱍
魚,鱕
魚,鱫
魚,鱜
魚,鱞
魚,鱤
魚,鱥
魚,鱟
魚,鱪
魚,鱰
魚,鱐
魚,鱢
魚,鱣
魚,鱩
魚,鱝
魚,鱯
魚,鱮
魚,鱨
魚,鱵
魚,鱴
魚,鱲
魚,鱷
魚,魲
魚,鱺
魚,鱻
魚,鷠
魚,穌
⺈,魚
⺈,負
⺈,争
⺈,陥
⺈,衡
⺈,亀
⺈,焔
⺈,夐
⺈,麁
⺈,臽
灬,魚
灬,黒
灬,点
灬,照
灬,熱
灬,然
灬,無
灬,熟
灬,為
灬,煮
灬,黙
灬,烈
灬,焦
灬,薫
灬,勲
灬,庶
灬,熊
灬,煎
灬,燕
灬,烹
灬,烋
灬,烝
灬,焉
灬,煦
灬,熙
灬,煕
灬,熈
灬,熬
灬,熹
灬,熏
灬,羔
灬,羆
灬,杰
灬,盡
灬,爲
灬,煮
灬,黑
灬,麃
灬,闗
灬,賮
灬,舃
灬,舄
灬,蘸
孝,教
孝,酵
孝,哮
孝,誟
孝,踍
孝,䓔
孝,硣
攵,教
攵,数
攵,放
攵,改
攵,救
攵,散
攵,敗
攵,牧
攵,故
攵,政
攵,敵
攵,敬
攵,枚
攵,攻
攵,致
攵,徴
攵,微
攵,敏
攵,敷
攵,敢
攵,啓
攵,赦
攵,徹
攵,撤
攵,徽
攵,孜
攵,肇
攵,轍
攵,敦
攵,澂
攵,黴
攵,畋
攵,敖
攵,敞
攵,敝
攵,斂
攵,脩
攵,絛
攵,綮
攵,釐
攵,攷
攵,收
攵,攸
攵,效
攵,敕
攵,敘
攵,數
攵,變
攵,敏
攵,徵
攵,䰻
攵,鯈
攵,鰴
攵,鞗
攵,霿
攵,翛
攵,蔲
攵,玫
攵,盩
攵,盭
攵,瞮
攵,憗
攵,攺
攵,攼
攵,攽
攵,敂
攵,敃
攵,敄
攵,敇
攵,敉
攵,敔
攵,敎
攵,敐
攵,敒
攵,敓
攵,贁
攵,㪍
攵,敜
攵,敟
攵,㪟
攵,敫
攵,㪣
攵,敹
攵,敿
攵,斁
攵,斄
攵,敩
攵,晵
強,襁
強,繈
強,鏹
強,蔃
厶,強
厶,広
厶,公
厶,台
厶,育
厶,去
厶,参
厶,仏
厶,弁
厶,私
厶,至
厶,窓
厶,払
厶,棄
厶,勾
厶,允
厶,云
厶,弘
厶,牟
厶,嚔
厶,矣
厶,畚
厶,亂
厶,弃
厶,畆
厶,辭
厶,篡
厶,丟
厶,镸
厶,厸
厶,覶
厶,軬
厶,羗
厶,舝
厶,奙
厶,禸
厶,懥
厶,㦯
斤,近
斤,新
斤,所
斤,折
斤,断
斤,祈
斤,匠
斤,斥
斤,析
斤,斬
斤,欣
斤,芹
斤,斯
斤,斧
斤,听
斤,圻
斤,忻
斤,斫
斤,沂
斤,釿
斤,斷
斤,祈
斤,齗
斤,鬿
斤,靳
斤,頎
斤,訢
斤,蘄
斤,蚚
斤,㪿
斤,斦
斤,斨
斤,斮
斤,斳
斤,斲
斤,斵
斤,斴
斤,斸
斤,旂
斤,昕
今,念
今,含
今,琴
今,吟
今,貪
今,衿
今,岑
今,黔
今,衾
今,矜
今,黅
今,鳹
今,靲
今,鈐
今,侌
今,霒
今,霠
今,趻
今,酓
今,笒
今,紟
今,耹
今,芩
今,玪
今,昑
亼,今
亼,合
亼,命
亼,倉
亼,令
亼,侖
亼,僉
亼,龠
亼,會
亼,俞
兄,祝
兄,党
兄,況
兄,呪
兄,兌
兄,况
兄,祝
兄,貺
兄,綂
兄,怳
开,形
开,開
开,研
开,刑
开,妍
开,并
开,枅
开,笄
开,鈃
开,豜
开,邢
彡,形
彡,参
彡,影
彡,彩
彡,彫
彡,彰
彡,杉
彡,鬱
彡,須
彡,彦
彡,彪
彡,彬
彡,尨
彡,彭
彡,衫
彡,髟
彡,丯
彡,鬽
彡,䫇
彡,釤
彡,辵
彡,羏
彡,耏
京,景
京,就
京,鯨
京,涼
京,掠
京,椋
京,諒
京,勍
京,黥
京,凉
京,鍄
京,麖
京,輬
京,琼
京,惊
原,願
原,源
原,愿
原,謜
原,豲
原,䝠
原,羱
原,螈
厂,原
厂,反
厂,歴
厂,圧
厂,厚
厂,備
厂,灰
厂,厳
厂,暦
厂,厘
厂,厄
厂,厭
厂,雁
厂,鴈
厂,厩
厂,厰
厂,厨
厂,仄
厂,厖
厂,厥
厂,鞴
厂,糒
厂,鳫
厂,厦
厂,厠
厂,厮
厂,嚴
厂,龎
厂,韛
厂,罽
厂,產
厂,睂
厂,斄
元,完
元,頑
元,玩
元,翫
元,寇
元,阮
元,芫
元,冦
元,黿
元,髨
元,魭
元,鈨
元,䡇
元,酛
元,蔲
元,蚖
元,盶
元,忨
元,抏
古,苦
古,固
古,居
古,故
古,枯
古,克
古,胡
古,姑
古,鈷
古,估
古,怙
古,鴣
古,蛄
古,沽
古,詁
古,辜
古,罟
古,㕝
古,骷
古,酤
古,䀇
古,盬
古,祜
古,怘
戸,所
戸,肩
戸,扇
戸,啓
戸,雇
戸,房
戸,炉
戸,扉
戸,戻
戸,肇
戸,扈
戸,綮
戸,粐
戸,舮
戸,枦
戸,鈩
戸,沪
戸,䡎
戸,䋆
吾,語
吾,悟
吾,梧
吾,唔
吾,圄
吾,寤
吾,齬
吾,晤
吾,牾
吾,衙
吾,珸
吾,鼯
吾,鋙
吾,郚
吾,窹
吾,捂
吾,敔
午,許
午,杵
午,忤
午,迕
午,旿
彳,後
彳,行
彳,待
彳,役
彳,径
彳,徒
彳,得
彳,往
彳,徳
彳,復
彳,従
彳,律
彳,御
彳,征
彳,徴
彳,彼
彳,微
彳,徐
彳,循
彳,徹
彳,徽
彳,彷
彳,徂
彳,彿
彳,徊
彳,很
彳,徇
彳,徙
彳,徘
彳,徨
彳,徭
彳,徼
彳,黴
彳,徃
彳,徑
彳,屐
彳,從
彳,徠
彳,德
彳,徵
彳,鰴
彳,徏
広,鉱
広,拡
広,砿
広,昿
広,絋
广,広
广,店
广,庫
广,庭
广,度
广,康
广,席
广,底
广,府
广,応
广,序
广,座
广,庁
广,床
广,唐
广,廉
广,廊
广,慶
广,庶
广,廃
广,麻
广,庸
广,鹿
广,庵
广,廓
广,廐
广,廏
广,庚
广,庄
广,廠
广,廚
广,庇
广,廟
广,庖
广,庠
广,廁
广,廂
广,廈
广,廖
广,廝
广,廛
广,廡
广,廨
广,廩
广,廬
广,廱
广,廣
广,廢
广,廳
广,廰
广,廊
广,龐
广,䧹
广,㡿
父,交
父,釜
父,斧
父,爺
光,輝
光,晃
光,耀
光,恍
光,胱
光,洸
光,絖
光,晄
光,黋
光,駫
光,韑
光,銧
光,靗
光,觥
光,珖
光,皝
光,硄
光,挄
光,兤
⺌,光
⺌,尚
公,松
公,翁
公,訟
公,蚣
公,瓮
公,頌
公,舩
公,枩
公,衮
公,鈆
公,玜
公,忩
公,忪
公,昖
考,拷
考,栲
耂,考
耂,者
耂,老
耂,孝
耂,耇
耂,耊
丂,考
丂,号
丂,朽
丂,巧
丂,函
丂,亟
丂,羲
丂,粤
丂,兮
丂,攷
丂,蕚
丂,亏
丂,甹
丂,㽲
丂,䀎
黄,横
黄,黌
黄,簧
黄,黅
黄,黆
黄,黇
黄,黈
黄,鱑
黄,鐄
黄,觵
黄,蟥
黄,璜
黄,癀
黄,磺
行,街
行,衛
行,術
行,衝
行,衡
行,桁
行,鵆
行,銜
行,絎
行,裄
行,衍
行,衒
行,衙
行,衢
行,垳
行,哘
行,衞
行,䯒
行,鴴
行,衘
行,衜
行,衟
行,筕
行,荇
行,衎
行,衑
行,衕
行,衚
行,衠
行,珩
行,䀪
行,㤚
亍,行
高,稿
高,塙
高,縞
高,膏
高,嵩
高,敲
高,槁
高,鎬
高,犒
高,蒿
高,稾
高,髞
高,髝
高,髇
高,䯨
高,髛
高,髜
高,鰝
高,鶮
高,謞
高,鄗
高,篙
高,翯
高,皜
高,碻
高,搞
高,㪣
冋,高
冋,向
冋,尚
冋,喬
冋,絅
冋,炯
冋,迥
冋,駉
冋,髙
冋,詗
冋,苘
冋,扃
合,答
合,拾
合,給
合,姶
合,恰
合,蛤
合,袷
合,閤
合,哈
合,拿
合,龕
合,鴿
合,洽
合,荅
合,盒
合,翕
合,粭
合,峇
合,鮯
合,䧻
合,鞈
合,䶀
合,韐
合,頜
合,鉿
合,詥
合,跲
合,郃
合,耠
合,畣
合,祫
合,搿
国,掴
国,椢
谷,浴
谷,容
谷,欲
谷,俗
谷,裕
谷,硲
谷,卻
谷,峪
谷,郤
谷,逧
谷,谺
谷,豁
谷,谿
谷,鵒
谷,谸
谷,谹
谷,䜭
谷,谼
谷,谽
谷,谾
谷,豀
谷,豃
谷,豅
谷,綌
黒,墨
黒,黛
里,黒
里,野
里,理
里,童
里,量
里,裏
里,黙
里,埋
里,厘
里,哩
里,浬
里,狸
里,裡
里,鯉
里,俚
里,廛
里,貍
里,鋰
里,艃
里,瓼
里,悝
才,材
才,財
才,閉
才,犲
才,豺
才,鼒
才,釮
作,筰
作,㤰
乍,作
乍,昨
乍,詐
乍,酢
乍,窄
乍,怎
乍,鮓
乍,柞
乍,胙
乍,炸
乍,祚
乍,咋
乍,齚
乍,鈼
乍,阼
乍,迮
乍,笮
乍,舴
乍,蚱
乍,痄
乍,砟
乍,怍
乍,拃
廾,算
廾,鼻
廾,弁
廾,戒
廾,葬
廾,升
廾,弊
廾,弄
廾,聨
廾,卉
廾,彝
廾,彜
廾,莽
廾,舁
廾,弃
廾,弉
廾,龏
廾,馵
廾,頮
廾,頯
廾,羿
廾,竎
廾,慿
廾,㢣
氏,紙
氏,祇
氏,昏
氏,舐
氏,帋
氏,銽
氏,觗
氏,䛡
氏,赿
氏,軝
氏,芪
氏,蚔
氏,衹
氏,疧
氏,眂
氏,秖
氏,忯
氏,扺
矢,知
矢,医
矢,族
矢,短
矢,候
矢,疑
矢,疾
矢,矯
矢,侯
矢,矩
矢,矧
矢,肄
矢,雉
矢,矣
矢,矮
矢,笶
矢,䵹
矢,鉃
矢,鴙
矢,䂓
矢,䀢
矢,矤
矢,矪
矢,矬
矢,矰
矢,矱
巿,姉
巿,肺
巿,旆
巿,沛
巿,鬧
巿,閙
巿,䰽
巿,鈰
巿,芾
巿,㧊
市,柿
巾,市
巾,帳
巾,刷
巾,席
巾,帯
巾,制
巾,布
巾,幕
巾,飾
巾,幅
巾,帽
巾,帝
巾,帆
巾,帥
巾,幣
巾,幌
巾,帖
巾,匝
巾,凧
巾,吊
巾,幡
巾,帚
巾,帙
巾,帑
巾,帛
巾,帷
巾,幄
巾,幃
巾,幀
巾,幎
巾,幗
巾,幔
巾,幟
巾,幢
巾,幇
巾,乕
巾,帋
巾,帶
巾,幤
巾,帀
巾,銟
巾,芇
巾,帬
巾,斾
時,蒔
時,塒
時,鰣
寺,時
寺,詩
寺,持
寺,待
寺,等
寺,特
寺,侍
寺,痔
寺,峙
寺,恃
寺,畤
寺,邿
色,絶
色,艶
色,艷
色,銫
色,靘
色,赩
色,艴
巴,色
巴,肥
巴,把
巴,邑
巴,杷
巴,琶
巴,芭
巴,耙
巴,爬
巴,笆
巴,巵
巴,靶
巴,鈀
巴,豝
巴,紦
巴,絕
巴,羓
巴,疤
巴,皅
巴,㿬
室,榁
室,腟
室,鰘
至,室
至,屋
至,致
至,到
至,窒
至,蛭
至,姪
至,咥
至,垤
至,鵄
至,桎
至,輊
至,耋
至,臻
至,臺
至,銍
至,郅
至,絰
至,耊
至,臵
至,臸
至,臶
至,臷
至,臹
至,荎
至,痓
至,挃
至,晊
礻,社
礻,神
礻,福
礻,礼
礻,祝
礻,祖
礻,視
礻,祈
礻,祉
礻,禍
礻,祥
礻,禅
礻,禎
礻,祢
礻,祷
礻,祐
礻,禄
礻,祘
礻,祙
礻,䄍
礻,禬
弱,溺
弱,鰯
弱,嫋
弱,搦
弱,鶸
弱,蒻
弱,嵶
弱,篛
弱,愵
冫,弱
冫,次
冫,冷
冫,凝
冫,凍
冫,准
冫,凄
冫,冶
冫,冴
冫,凋
冫,凌
冫,冱
冫,冽
冫,凅
冫,凜
冫,凛
冫,馮
冫,冲
冫,凉
冫,决
冫,冰
冫,况
冫,飡
冫,慿
首,道
首,馗
首,馘
首,衜
首,艏
丷,首
丷,当
丷,南
丷,半
丷,商
丷,平
丷,帝
丷,肖
丷,釜
丷,曽
丷,并
丷,旁
丷,熏
丷,亊
丷,竒
丷,對
丷,黑
丷,丵
丷,豙
丷,眘
丷,昚
周,週
周,調
周,彫
周,凋
周,鯛
周,惆
周,蜩
周,雕
周,綢
周,稠
周,鵰
周,賙
周,輖
周,翢
周,裯
周,琱
周,睭
周,碉
周,晭
秋,愁
秋,萩
秋,鍬
秋,鰍
秋,啾
秋,愀
秋,楸
秋,湫
秋,甃
秋,鞦
秋,鶖
秋,鍫
秋,醔
秋,揫
秋,揪
春,椿
春,惷
春,鰆
春,蠢
春,賰
春,踳
春,箺
春,瑃
聿,書
聿,筆
聿,建
聿,律
聿,津
聿,庸
聿,肇
聿,肄
聿,肆
聿,晝
聿,畫
聿,銉
聿,䋖
聿,肁
聿,肈
聿,茟
聿,衋
聿,珒
聿,畵
聿,硉
少,歩
少,秒
少,省
少,砂
少,妙
少,劣
少,抄
少,賓
少,沙
少,紗
少,尠
少,毟
少,杪
少,鈔
少,炒
少,眇
少,隲
少,魦
少,麨
少,觘
少,訬
少,粆
少,耖
昜,場
昜,湯
昜,陽
昜,腸
昜,傷
昜,揚
昜,瘍
昜,暢
昜,楊
昜,暘
昜,煬
昜,殤
昜,觴
昜,慯
昜,塲
昜,膓
昜,蝪
昜,鬺
昜,鰑
昜,颺
昜,餳
昜,鍚
昜,逿
昜,瑒
昜,畼
昜,碭
昜,禓
昜,愓
食,飲
食,館
食,飯
食,養
食,飼
食,飾
食,餓
食,飽
食,飢
食,餌
食,餅
食,飴
食,饗
食,喰
食,餐
食,蝕
食,飭
食,飩
食,飫
食,餉
食,餃
食,餔
食,餒
食,餡
食,餤
食,餞
食,餮
食,餬
食,饂
食,餽
食,餾
食,饉
食,饅
食,饐
食,饌
食,饑
食,饋
食,饒
食,饕
食,餘
食,餝
食,餠
食,飮
食,飣
食,飦
食,飧
食,飱
食,飥
食,飪
食,餁
食,飰
食,飤
食,飳
食,飶
食,餈
食,䭣
食,餂
食,餇
食,湌
食,飡
食,餕
食,䭀
食,餗
食,餖
食,餑
食,餧
食,䭇
食,餜
食,餛
食,䬻
食,餦
食,餟
食,餢
食,餲
食,餵
食,餫
食,餱
食,餭
食,餳
食,餰
食,餪
食,餴
食,餼
食,餻
食,饀
食,餹
食,餺
食,饁
食,饇
食,饈
食,饆
食,饊
食,饎
食,饘
食,饙
食,饔
食,饜
食,䉵
食,饛
食,饞
食,饟
食,饠
食,䬴
新,薪
新,噺
亲,新
亲,親
親,襯
親,䞋
心,悪
心,意
心,感
心,急
心,想
心,息
心,悲
心,愛
心,念
心,必
心,応
心,恩
心,志
心,態
心,徳
心,憲
心,窓
心,忠
心,忘
心,隠
心,恐
心,恵
心,恥
心,怒
心,恋
心,惑
心,慰
心,穏
心,忌
心,愚
心,憩
心,慈
心,怠
心,聴
心,患
心,慶
心,懸
心,懇
心,愁
心,懲
心,忍
心,悠
心,怨
心,恣
心,芯
心,思
心,慧
心,忽
心,悉
心,惹
心,恕
心,惣
心,悶
心,愈
心,慾
心,忿
心,怎
心,怱
心,恚
心,恁
心,恙
心,愆
心,惷
心,愍
心,慇
心,愨
心,愿
心,愬
心,慂
心,慙
心,慫
心,慝
心,憖
心,憊
心,憑
心,懃
心,懋
心,懣
心,沁
心,惠
心,應
心,悳
心,戀
心,聽
心,恷
心,惡
心,憙
心,憇
心,懲
心,德
心,悤
心,鈊
心,訫
心,甯
心,礠
心,忐
心,忑
心,忒
心,㤀
心,㤁
心,忞
心,㤂
心,怘
心,恖
心,忩
心,怤
心,恝
心,恧
心,悘
心,您
心,悊
心,悆
心,恿
心,悹
心,惎
心,惢
心,惉
心,惄
心,㤅
心,㤵
心,愗
心,㥯
心,慤
心,慁
心,惥
心,慹
心,慼
心,慸
心,憄
心,憃
心,慜
心,憨
心,憗
心,憠
心,憝
心,慿
心,憋
心,悥
心,憥
心,憼
心,懕
心,㦔
心,懘
心,懟
心,㦛
心,懬
心,懯
心,㦤
心,戁
心,戇
心,戅
心,㤰
心,㤐
心,愙
心,㤩
心,忢
心,愂
心,悐
心,㤣
心,㥦
心,愳
豆,頭
豆,短
豆,登
豆,豊
豆,闘
豆,痘
豆,豎
豆,厨
豆,逗
豆,荳
豆,豈
豆,豌
豆,壹
豆,鬪
豆,豐
豆,餖
豆,鋀
豆,豇
豆,豉
豆,䜶
豆,豋
豆,豏
豆,䝁
豆,䝄
豆,䖒
豆,裋
豆,㪷
数,薮
数,䉤
娄,数
娄,楼
娄,屡
娄,蝼
娄,褛
娄,瘘
西,晒
西,栖
西,茜
西,迺
西,廼
西,哂
西,洒
西,跴
西,拪
西,粞
西,硒
西,恓
星,醒
星,惺
星,腥
星,猩
星,鯹
星,鍟
星,篂
星,瑆
星,睲
星,暒
士,声
士,売
士,仕
士,志
士,穀
士,壱
士,隷
士,吉
士,殻
士,款
士,壮
士,壺
士,壷
士,壬
士,壼
士,愨
士,蠧
士,轂
士,壯
士,壹
士,壽
士,賣
士,穀
士,鷇
士,觳
士,縠
士,瑴
士,糓
雪,鱈
雪,轌
雪,艝
雪,膤
彐,雪
彐,当
彐,事
彐,争
彐,妻
彐,隠
彐,縁
彐,浸
彐,侵
彐,寝
彐,尋
彐,穏
彐,庚
彐,帚
彐,彗
彐,駸
彐,亊
彐,寢
彐,夛
彐,爭
彐,鮼
彐,鋟
彐,㚑
彐,灵
彐,綅
彐,祲
彐,㥯
切,窃
切,砌
切,苆
刀,切
刀,分
刀,初
刀,辺
刀,解
刀,券
刀,留
刀,召
刀,刃
刀,貿
刀,劉
刀,剪
刀,劈
刀,叨
刀,屶
刀,韲
刀,刄
刀,齊
刀,釖
刀,朷
刀,刧
刀,辧
刀,賴
刀,魛
刀,絕
刀,舠
刀,芀
刀,虭
刀,忉
刀,斵
舟,船
舟,航
舟,般
舟,艦
舟,艇
舟,舶
舟,舷
舟,舵
舟,舫
舟,舸
舟,舳
舟,艀
舟,艘
舟,艙
舟,艚
舟,艝
舟,艟
舟,艤
舟,艢
舟,艨
舟,艪
舟,艫
舟,舩
舟,舮
舟,鵃
舟,䑠
舟,貈
舟,輈
舟,艁
舟,舠
舟,舡
舟,舢
舟,舨
舟,舺
舟,䑨
舟,舴
舟,舲
舟,舼
舟,艄
舟,艉
舟,艅
舟,艃
舟,艆
舟,䑶
舟,艌
舟,艋
舟,䑳
舟,艎
舟,艏
舟,艑
舟,艒
舟,艗
舟,艖
舟,䑽
舟,艜
舟,艠
舟,艧
舟,艣
舟,艭
舟,矪
㕣,船
㕣,沿
㕣,鉛
㕣,冏
㕣,袞
㕣,簭
㕣,㫟
泉,線
泉,腺
泉,楾
泉,湶
前,煎
前,揃
前,箭
前,剪
前,翦
前,騚
前,鬋
前,㮍
前,葥
䒑,前
䒑,業
䒑,着
䒑,様
䒑,差
䒑,益
䒑,従
䒑,善
䒑,並
䒑,岡
䒑,罔
䒑,鮺
䒑,鯗
䒑,兹
刖,前
刖,俞
且,組
且,助
且,査
且,祖
且,阻
且,粗
且,宜
且,租
且,狙
且,姐
且,岨
且,俎
且,咀
且,徂
且,齟
且,柤
且,蛆
且,沮
且,雎
且,砠
且,詛
且,疽
且,苴
且,爼
且,祖
且,駔
且,麆
且,靻
且,鉏
且,趄
且,跙
且,罝
且,耝
且,虘
且,怚
走,起
走,徒
走,越
走,趣
走,超
走,赴
走,趨
走,跿
走,赳
走,趁
走,趙
走,鯐
走,陡
走,赶
走,赿
走,趄
走,趈
走,趂
走,趐
走,趑
走,趦
走,趍
走,趕
走,趞
走,趡
走,趠
走,趟
走,䟆
走,趫
走,趬
走,趭
走,趮
走,趯
走,趲
走,䞨
太,駄
太,汰
太,鈦
太,粏
太,盇
太,忲
多,移
多,侈
多,夥
多,黟
多,鉹
多,陊
多,誃
多,趍
多,迻
多,蛥
多,眵
多,恀
多,扅
多,拸
台,始
台,治
台,胎
台,怠
台,冶
台,飴
台,殆
台,苔
台,怡
台,抬
台,颱
台,駘
台,笞
台,紿
台,詒
台,貽
台,鮐
台,鈶
台,跆
台,辝
台,迨
台,邰
台,珆
台,眙
弟,梯
弟,悌
弟,剃
弟,鵜
弟,俤
弟,涕
弟,睇
弟,鮷
弟,銻
弟,豑
弟,綈
弟,罤
弟,珶
弟,稊
弟,晜
弚,弟
也,池
也,地
也,他
也,弛
也,馳
也,髢
也,釶
也,阤
也,訑
也,貤
也,迆
也,酏
也,竾
也,虵
也,扡
知,痴
知,智
知,蜘
知,聟
知,踟
知,椥
知,鼅
茶,搽
朩,茶
尺,昼
尺,駅
尺,訳
尺,釈
尺,尽
尺,沢
尺,択
尺,呎
尺,咫
尺,鈬
尺,蚇
旦,昼
旦,量
旦,担
旦,胆
旦,但
旦,亘
旦,坦
旦,亶
旦,妲
旦,怛
旦,昜
旦,曁
旦,袒
旦,靼
旦,疸
旦,晝
旦,鼂
旦,䱇
旦,鉭
旦,笪
旦,䋎
旦,疍
長,帳
長,張
長,脹
長,悵
長,萇
長,鼚
長,韔
長,䩨
長,餦
長,鋹
長,賬
長,粻
長,痮
長,掁
朝,潮
朝,嘲
朝,廟
龺,朝
龺,幹
龺,乾
龺,韓
龺,斡
龺,翰
龺,戟
龺,乹
龺,鶾
鳥,鳴
鳥,鶏
鳥,鶴
鳥,鸚
鳥,鳶
鳥,鴛
鳥,鴨
鳥,鴦
鳥,鶯
鳥,鴬
鳥,鴎
鳥,鷹
鳥,鴈
鳥,鳩
鳥,鵠
鳥,鴫
鳥,鷲
鳥,蔦
鳥,鵜
鳥,嶋
鳥,鵡
鳥,鳳
鳥,鴇
鳥,鵬
鳥,鷺
鳥,鳰
鳥,鳧
鳥,鴉
鳥,鴃
鳥,鴆
鳥,鴟
鳥,鵄
鳥,鴒
鳥,鴕
鳥,鴣
鳥,鴪
鳥,鴿
鳥,鵁
鳥,鴾
鳥,鵆
鳥,鵝
鳥,鵞
鳥,鵑
鳥,鵤
鳥,鵲
鳥,鶉
鳥,鵺
鳥,鶇
鳥,鵯
鳥,鵙
鳥,鶚
鳥,鶤
鳥,鶫
鳥,鶩
鳥,鶲
鳥,鷁
鳥,鶻
鳥,鶺
鳥,鷆
鳥,鶸
鳥,鷂
鳥,鷙
鳥,鷓
鳥,鷸
鳥,鷦
鳥,鷯
鳥,鷭
鳥,鷽
鳥,鸛
鳥,鸞
鳥,鷄
鳥,鳫
鳥,鵈
鳥,鵐
鳥,鷏
鳥,嶌
鳥,樢
鳥,鷗
鳥,鸖
鳥,鴥
鳥,鶪
鳥,鴂
鳥,鳦
鳥,鳱
鳥,鳲
鳥,䲦
鳥,䲰
鳥,鳿
鳥,鳹
鳥,鳸
鳥,鳷
鳥,鳾
鳥,鴋
鳥,鴐
鳥,鴚
鳥,鴞
鳥,鴝
鳥,鸜
鳥,䳅
鳥,鵌
鳥,鴑
鳥,䲹
鳥,鴘
鳥,䳇
鳥,鴢
鳥,鴗
鳥,鴳
鳥,鴰
鳥,鵂
鳥,䳎
鳥,䳍
鳥,鴴
鳥,鴲
鳥,鴜
鳥,鴯
鳥,鷾
鳥,鶓
鳥,鴸
鳥,鵀
鳥,鴽
鳥,鴺
鳥,鶘
鳥,鵃
鳥,鵇
鳥,䳑
鳥,鵅
鳥,鴷
鳥,䳘
鳥,鵥
鳥,鵟
鳥,䳌
鳥,鵊
鳥,鵔
鳥,鵕
鳥,鵢
鳥,鵚
鳥,鵓
鳥,鵒
鳥,鵣
鳥,鵪
鳥,鶕
鳥,鶍
鳥,鵷
鳥,鶵
鳥,鶾
鳥,鵸
鳥,䳜
鳥,䳢
鳥,鵋
鳥,鶎
鳥,鶋
鳥,鶢
鳥,鶌
鳥,鶂
鳥,鶃
鳥,鵳
鳥,鵼
鳥,鶊
鳥,鵾
鳥,鵻
鳥,鶄
鳥,鵫
鳥,鵽
鳥,鵰
鳥,鵩
鳥,䳤
鳥,鶆
鳥,䴈
鳥,鵹
鳥,鶡
鳥,鶖
鳥,鶒
鳥,鷘
鳥,鶙
鳥,鶗
鳥,鶥
鳥,鷃
鳥,鸎
鳥,鶮
鳥,鶷
鳥,鷊
鳥,鶼
鳥,鶱
鳥,鷇
鳥,鶿
鳥,鷀
鳥,鸕
鳥,鶽
鳥,鶬
鳥,鷉
鳥,鷿
鳥,鸊
鳥,鶹
鳥,鷖
鳥,鷠
鳥,鷔
鳥,鷟
鳥,鸑
鳥,鷐
鳥,鷞
鳥,鷫
鳥,鷕
鳥,鷚
鳥,鷧
鳥,鷣
鳥,鷰
鳥,䴏
鳥,鷴
鳥,鷳
鳥,鷮
鳥,鷢
鳥,鷥
鳥,鷩
鳥,䴉
鳥,䴋
鳥,鸃
鳥,䴊
鳥,鸀
鳥,鸇
鳥,䴅
鳥,䴇
鳥,鴼
鳥,鸐
鳥,鸋
鳥,鸍
鳥,䴌
鳥,鸏
鳥,鸒
鳥,鸓
鳥,鸙
鳥,鸝
鳥,隝
鳥,鴙
鳥,䳄
鳥,鄥
鳥,窵
直,植
直,置
直,値
直,殖
直,埴
直,矗
直,悳
直,稙
通,樋
通,蓪
甬,通
甬,痛
甬,踊
甬,桶
甬,涌
甬,俑
甬,鯒
甬,蛹
甬,誦
甬,銿
甬,筩
甬,恿
甬,悀
甬,捅
占,点
占,店
占,粘
占,貼
占,帖
占,苫
占,砧
占,鮎
占,黏
占,拈
占,沾
占,笘
占,覘
占,站
占,點
占,岾
占,黇
占,乩
占,䴴
占,䩞
占,颭
占,鉆
占,阽
占,詀
占,趈
占,跕
占,迠
占,酟
占,蒧
占,蛅
占,玷
占,痁
占,秥
占,怗
占,㤐
占,扂
占,敁
店,掂
乚,電
乚,礼
乚,札
乚,乳
乚,乱
乚,孔
乚,屯
乚,竜
乚,叱
乚,胤
乚,扎
乚,軋
乚,糺
乚,亂
乚,乢
乚,尢
乚,齓
乚,乣
乚,乩
乚,乵
乚,乹
乚,䰲
乚,釓
乚,耴
乚,臫
乚,虬
乚,甩
冬,終
冬,柊
冬,鼕
冬,鮗
冬,螽
冬,疼
冬,苳
冬,鼨
冬,鉖
⺀,冬
⺀,寒
当,档
答,劄
答,撘
東,練
東,陳
東,凍
東,錬
東,棟
東,諌
東,鶇
東,鯟
東,䍶
東,蝀
道,導
道,䆃
同,興
同,銅
同,胴
同,筒
同,洞
同,桐
同,恫
同,釁
同,爨
同,粡
同,駧
同,鮦
同,餇
同,詷
同,迵
同,酮
同,舋
同,絧
同,茼
同,衕
同,璺
同,痌
同,眮
同,硐
同,秱
同,挏
冂,同
冂,内
冂,南
冂,両
冂,冊
冂,奥
冂,麗
冂,繭
冂,嗣
冂,丙
冂,庸
冂,岡
冂,爾
冂,而
冂,箆
冂,侖
冂,冉
冂,冏
冂,夐
冂,扁
冂,龠
冂,罔
冂,亂
冂,囘
冂,册
冂,奧
冂,兩
冂,鬲
冂,网
冂,辭
冂,两
冂,鎫
冂,覶
冂,罓
冂,蛧
冂,甩
冂,禸
売,読
売,続
売,涜
内,納
内,蚋
内,肭
内,訥
内,衲
内,靹
内,魶
内,軜
内,芮
内,抐
南,献
南,楠
南,喃
南,遖
南,諵
南,罱
南,蝻
干,南
干,平
干,幹
干,刊
干,汗
干,軒
干,謡
干,肝
干,揺
干,釜
干,竿
干,遥
干,奸
干,幵
干,扞
干,鼾
干,旱
干,杆
干,瑶
干,骭
干,訐
干,罕
干,䵟
干,馯
干,丵
干,鳱
干,靬
干,頇
干,飦
干,釬
干,閈
干,豻
干,犴
干,赶
干,迀
干,邗
干,酐
干,䍐
干,芉
干,虷
干,衎
干,玕
干,皯
干,盰
干,矸
干,秆
干,忓
干,攼
干,旰
肉,腐
肉,臠
肉,胔
肉,胾
肉,臡
肉,瘸
馬,駅
馬,験
馬,驚
馬,駆
馬,騒
馬,騎
馬,駐
馬,篤
馬,駄
馬,駒
馬,罵
馬,駕
馬,駈
馬,馴
馬,馳
馬,駿
馬,騨
馬,駁
馬,媽
馬,闖
馬,馮
馬,馭
馬,駟
馬,駛
馬,駑
馬,駘
馬,駝
馬,駮
馬,駱
馬,駭
馬,駻
馬,騁
馬,駸
馬,騅
馬,騏
馬,駢
馬,騙
馬,騫
馬,驂
馬,驃
馬,騾
馬,驀
馬,驕
馬,驍
馬,驟
馬,驪
馬,驤
馬,驩
馬,驥
馬,驢
馬,瑪
馬,碼
馬,驫
馬,馼
馬,駲
馬,隲
馬,騷
馬,驅
馬,驛
馬,驗
馬,驒
馬,騈
馬,馯
馬,馵
馬,馲
馬,馰
馬,駃
馬,馹
馬,馺
馬,馱
馬,馽
馬,駚
馬,駏
馬,駉
馬,駔
馬,駞
馬,駓
馬,駜
馬,駙
馬,駰
馬,駫
馬,駬
馬,駪
馬,駧
馬,駴
馬,騃
馬,駽
馬,騂
馬,駾
馬,駼
馬,駹
馬,駵
馬,騮
馬,驑
馬,駠
馬,騐
馬,騊
馬,騑
馬,騋
馬,騄
馬,騢
馬,騧
馬,騞
馬,騤
馬,䮝
馬,騚
馬,騣
馬,騌
馬,騠
馬,騖
馬,騱
馬,騭
馬,騶
馬,騳
馬,驁
馬,䮯
馬,驄
馬,騘
馬,䮰
馬,驇
馬,騺
馬,驘
馬,驈
馬,驊
馬,驉
馬,驔
馬,驋
馬,驎
馬,驌
馬,驖
馬,驝
馬,馿
馬,騻
馬,驦
馬,鰢
馬,颿
馬,䮽
馬,䔍
馬,螞
馬,禡
買,賣
買,蕒
罒,買
罒,置
罒,罪
罒,徳
罒,夢
罒,憲
罒,署
罒,壊
罒,罰
罒,聴
罒,懐
罒,爵
罒,罷
罒,羅
罒,罵
罒,蔑
罒,罫
罒,欝
罒,鑒
罒,蜀
罒,楞
罒,曼
罒,甍
罒,詈
罒,薨
罒,罘
罒,罠
罒,罟
罒,罧
罒,罨
罒,罩
罒,罹
罒,羂
罒,羃
罒,羇
罒,羈
罒,聽
罒,罸
罒,覽
罒,署
罒,德
罒,譼
罒,篾
罒,䍐
罒,罛
罒,罡
罒,罝
罒,罜
罒,罣
罒,罥
罒,罤
罒,罦
罒,罭
罒,罬
罒,罳
罒,罱
罒,罶
罒,罻
罒,罺
罒,䍡
罒,罽
罒,罿
罒,罾
罒,羉
罒,薎
罒,蘉
罒,眾
罒,眔
罒,睪
罒,瞏
罒,睘
罒,瞢
罒,擥
麦,麺
麦,麹
麦,麸
半,判
半,伴
半,畔
半,叛
半,拌
半,胖
半,絆
半,袢
半,靽
半,頖
半,鉡
半,衅
半,秚
番,審
番,翻
番,播
番,幡
番,蕃
番,飜
番,旛
番,鷭
番,蟠
番,膰
番,潘
番,繙
番,燔
番,旙
番,鐇
番,鱕
番,譒
番,蹯
番,轓
番,鄱
番,羳
番,璠
番,皤
番,磻
釆,番
釆,釈
釆,悉
釆,釉
釆,奧
釆,竊
釆,釋
釆,敹
歩,渉
歩,頻
歩,捗
風,嵐
風,楓
風,颪
風,颯
風,飆
風,颶
風,颱
風,飄
風,諷
風,瘋
風,飃
風,飌
風,颫
風,䬃
風,颭
風,颰
風,颮
風,颳
風,颴
風,颷
風,颸
風,颺
風,颽
風,颼
風,䬒
風,颿
風,颻
風,䬙
風,飂
風,飇
風,飈
風,飅
風,飀
風,飉
風,飋
風,䬟
風,碸
几,風
几,机
几,処
几,凡
几,冗
几,殻
几,飢
几,肌
几,凰
几,凱
几,夙
几,凧
几,凪
几,鳳
几,咒
几,亢
几,佩
几,凩
几,凭
几,鳧
几,鳬
几,珮
几,殳
几,髠
几,麂
几,凬
几,凮
几,䡄
几,芁
几,竌
几,斻
䖝,風
䖝,虱
分,粉
分,貧
分,盆
分,紛
分,寡
分,頒
分,雰
分,扮
分,吩
分,岔
分,忿
分,枌
分,釁
分,瓰
分,氛
分,芬
分,竕
分,汾
分,鼢
分,魵
分,麄
分,鈖
分,躮
分,邠
分,酚
分,蚡
分,蚠
分,衯
分,玢
分,瓫
分,盼
分,攽
門,聞
門,開
門,問
門,関
門,閣
門,閉
門,闘
門,閲
門,閑
門,閥
門,闇
門,閤
門,閏
門,閃
門,悶
門,們
門,捫
門,閂
門,閊
門,閨
門,閘
門,閔
門,閧
門,閭
門,閻
門,閼
門,閹
門,閾
門,闊
門,闃
門,闍
門,闢
門,闥
門,闡
門,闖
門,闔
門,闕
門,闌
門,椚
門,閙
門,關
門,閖
門,閇
門,閠
門,䦧
門,闀
門,䦰
門,鍆
門,閄
門,閈
門,閒
門,閎
門,閌
門,閍
門,閟
門,閞
門,閝
門,閡
門,闗
門,閦
門,閩
門,閱
門,閫
門,閬
門,閆
門,閽
門,閶
門,閿
門,閺
門,闈
門,闉
門,閴
門,闋
門,闆
門,闓
門,闑
門,闐
門,閗
門,闒
門,闚
門,闙
門,闝
門,䦱
門,闠
門,闞
門,闟
門,闤
門,闦
門,誾
門,㥃
米,歯
米,粉
米,料
米,精
米,断
米,迷
米,糖
米,奥
米,継
米,粒
米,粋
米,粗
米,粘
米,糧
米,粧
米,粥
米,粁
米,粂
米,糊
米,糠
米,粟
米,糎
米,糟
米,粕
米,糞
米,粍
米,籾
米,屎
米,彝
米,麋
米,籵
米,粢
米,粤
米,粨
米,粱
米,粳
米,粲
米,糀
米,粽
米,糅
米,糂
米,糒
米,糜
米,糯
米,糲
米,粃
米,氣
米,粐
米,粭
米,糢
米,糘
米,粹
米,渊
米,釆
米,粫
米,粡
米,粮
米,頪
米,銤
米,籺
米,籽
米,籹
米,籸
米,籼
米,粆
米,粏
米,粔
米,粣
米,粠
米,糚
米,粞
米,粰
米,粿
米,粷
米,糉
米,粻
米,粺
米,粶
米,糇
米,糈
米,糄
米,糗
米,糕
米,糍
米,糔
米,糏
米,糛
米,粇
米,糝
米,糙
米,糦
米,糩
米,糫
米,糥
米,糰
米,糱
米,糵
米,籴
米,粜
米,糳
米,糷
米,纇
米,眯
米,糓
米,敉
米,侎
母,栂
母,姆
母,拇
母,袰
母,苺
母,每
母,䳇
母,鉧
母,胟
方,族
方,放
方,旅
方,旗
方,防
方,訪
方,肪
方,坊
方,施
方,芳
方,妨
方,房
方,旋
方,紡
方,於
方,圀
方,彷
方,旃
方,旆
方,旁
方,旄
方,旌
方,旒
方,旛
方,敖
方,魴
方,枋
方,楞
方,髣
方,舫
方,旙
方,鴋
方,鈁
方,閍
方,雱
方,邡
方,簱
方,臱
方,蚄
方,眆
方,祊
方,敫
方,㫃
方,斻
方,斿
方,旂
方,旜
方,斾
方,㫄
方,旎
方,旍
方,旉
方,旊
方,瓬
方,旐
方,旔
方,旈
方,旖
方,旝
方,旞
方,旟
方,昉
方,昘
北,背
北,燕
北,乖
北,冀
北,乘
北,埀
北,鷰
北,邶
𠂉,毎
𠂉,族
𠂉,旅
𠂉,観
𠂉,旗
𠂉,覧
𠂉,臨
𠂉,監
𠂉,飾
𠂉,旋
𠂉,乞
𠂉,栴
𠂉,飭
𠂉,旃
𠂉,旆
𠂉,旄
𠂉,旌
𠂉,旒
𠂉,旛
𠂉,气
𠂉,尓
𠂉,覽
𠂉,每
𠂉,鬺
𠂉,颴
𠂉,斻
𠂉,斿
𠂉,旂
𠂉,旜
𠂉,斾
𠂉,旎
𠂉,旍
𠂉,旊
𠂉,旐
𠂉,旖
𠂉,旝
𠂉,旞
𠂉,旟
毋,毎
毋,毒
未,妹
未,業
未,味
未,魅
未,昧
未,寐
未,釐
未,眛
未,耒
未,鮇
未,跊
未,祙
未,抺
未,斄
万,栃
万,杤
万,疠
明,盟
明,萌
毛,尾
毛,耗
毛,粍
毛,麾
毛,旄
毛,毟
毛,毬
毛,毫
毛,毯
毛,毳
毛,氈
毛,髦
毛,瓱
毛,耄
毛,竓
毛,㲱
毛,魹
毛,笔
毛,芼
毛,蚝
毛,眊
毛,秏
野,墅
予,野
予,序
予,預
予,矛
予,抒
予,杼
予,舒
予,豫
予,魣
予,㙒
予,紓
予,芧
予,忬
夜,液
夜,掖
夜,鵺
夜,腋
友,髪
友,抜
友,黻
友,魃
友,跋
友,爰
友,祓
友,秡
友,拔
友,髮
友,鼥
友,鮁
友,韍
友,颰
友,馛
友,盋
友,鈸
友,軷
友,紱
友,茇
友,蛂
友,袚
友,瞂
友,爱
又,友
又,取
又,受
又,度
又,反
又,支
又,収
又,浸
又,侵
又,寝
又,騒
又,奴
又,隻
又,双
又,叔
又,叙
又,捜
又,痩
又,叡
又,叉
又,餐
又,掻
又,叟
又,燮
又,曼
又,馭
又,駸
又,矍
又,粲
又,歿
又,攴
又,亂
又,沒
又,殳
又,寢
又,雙
又,辭
又,叓
又,㕝
又,䱗
又,鮼
又,韰
又,鋟
又,鎫
又,臤
又,覶
又,詜
又,綅
又,薓
又,祲
翟,曜
翟,躍
翟,濯
翟,擢
翟,耀
翟,戳
翟,櫂
翟,燿
翟,糴
翟,糶
翟,鸐
翟,鑃
翟,趯
翟,籊
翟,藋
用,備
用,鞴
用,糒
用,甬
用,韛
用,苚
用,甪
用,甯
来,莱
甲,里
甲,押
甲,岬
甲,鴨
甲,匣
甲,呷
甲,閘
甲,胛
甲,狎
甲,鉀
甲,翈
甲,舺
甲,䆘
亜,悪
亜,唖
安,案
安,按
安,鞍
安,鮟
安,晏
安,鴳
安,鞌
安,頞
安,銨
意,億
意,憶
意,臆
意,噫
意,檍
意,鷾
意,鐿
意,譩
意,薏
意,癔
委,萎
委,倭
委,魏
委,矮
委,痿
委,逶
委,䰀
委,鯘
委,餧
委,諉
委,踒
委,緌
委,蜲
委,捼
医,悘
匚,医
匚,区
匚,匹
匚,匠
匚,匿
匚,匡
匚,匝
匚,匪
匚,匣
匚,匯
匚,匱
匚,匳
匚,區
匚,匧
匚,匲
育,徹
育,撤
育,轍
育,俼
育,錥
育,逳
育,蘛
育,蜟
育,瞮
阝,院
阝,階
阝,都
阝,部
阝,陽
阝,郡
阝,隊
阝,陸
阝,険
阝,限
阝,際
阝,防
阝,郷
阝,降
阝,除
阝,障
阝,陛
阝,郵
阝,隠
阝,陰
阝,陣
阝,隣
阝,郎
阝,隔
阝,郭
阝,郊
阝,邪
阝,随
阝,阻
阝,陳
阝,陶
阝,陪
阝,邦
阝,隆
阝,陵
阝,陥
阝,隅
阝,邸
阝,附
阝,隙
阝,那
阝,阪
阝,阿
阝,郁
阝,祁
阝,鄭
阝,陀
阝,耶
阝,隈
阝,阡
阝,阮
阝,阯
阝,阨
阝,陂
阝,陋
阝,陌
阝,陜
阝,陝
阝,陟
阝,陞
阝,陬
阝,陲
阝,隋
阝,隍
阝,隗
阝,隕
阝,隘
阝,隧
阝,隰
阝,隴
阝,邨
阝,邯
阝,邵
阝,邱
阝,郛
阝,郢
阝,郤
阝,鄂
阝,鄒
阝,鄙
阝,鄲
阝,隨
阝,鄰
阝,陏
阝,陷
阝,陦
阝,險
阝,隱
阝,隲
阝,都
阝,郞
阝,阞
阝,阢
阝,阤
阝,阬
阝,阱
阝,阧
阝,阫
阝,阰
阝,阸
阝,陁
阝,阽
阝,阹
阝,阼
阝,阺
阝,阷
阝,陔
阝,陒
阝,陊
阝,陘
阝,陖
阝,阩
阝,陗
阝,陡
阝,陭
阝,阴
阝,阥
阝,隂
阝,陮
阝,陫
阝,陴
阝,隦
阝,隆
阝,陻
阝,陿
阝,隉
阝,陼
阝,陾
阝,隄
阝,䧑
阝,隃
阝,阳
阝,阦
阝,隖
阝,隑
阝,隓
阝,隟
阝,䧢
阝,隞
阝,隝
阝,隚
阝,隤
阝,隥
阝,隩
阝,䧧
阝,隮
阝,隯
阝,邘
阝,邗
阝,邛
阝,邙
阝,邢
阝,郉
阝,邟
阝,邥
阝,邠
阝,邡
阝,邰
阝,邶
阝,邳
阝,邲
阝,邴
阝,邽
阝,郃
阝,郈
阝,邿
阝,郅
阝,郇
阝,邾
阝,郝
阝,郄
阝,郚
阝,郜
阝,郟
阝,郠
阝,郕
阝,郗
阝,郥
阝,郙
阝,郘
阝,鄕
阝,郳
阝,郰
阝,郪
阝,郯
阝,郴
阝,䣊
阝,郫
阝,郱
阝,郲
阝,鄅
阝,鄆
阝,郾
阝,鄈
阝,鄄
阝,鄀
阝,鄃
阝,郿
阝,鄖
阝,䢵
阝,鄔
阝,鄗
阝,鄏
阝,鄋
阝,鄎
阝,鄐
阝,鄌
阝,鄍
阝,鄢
阝,鄥
阝,鄡
阝,鄞
阝,鄠
阝,鄣
阝,鄟
阝,鄛
阝,鄚
阝,鄤
阝,鄜
阝,鄘
阝,鄝
阝,鄬
阝,鄩
阝,鄯
阝,郑
阝,鄧
阝,鄱
阝,鄮
阝,鄶
阝,鄴
阝,鄵
阝,鄳
阝,鄹
阝,鄺
阝,鄾
阝,酃
阝,酅
阝,酆
阝,鄷
阝,酇
阝,鄼
阝,酈
阝,䘏
完,院
完,莞
完,浣
完,皖
完,鯇
完,鋎
完,輐
完,筦
完,羦
完,琓
完,晥
完,睆
員,賞
員,損
員,韻
員,隕
員,殞
員,圓
員,霣
員,鄖
員,篔
員,縜
員,磒
員,愪
軍,運
軍,揮
軍,輝
軍,鶤
軍,暈
軍,暉
軍,渾
軍,諢
軍,褌
軍,葷
軍,皹
軍,皸
軍,琿
軍,鼲
軍,齳
軍,䮝
軍,鯶
軍,韗
軍,顐
軍,餫
軍,鍕
軍,賱
軍,鄆
軍,翬
軍,瘒
軍,睴
軍,惲
永,泳
永,詠
永,咏
永,怺
永,昶
永,脉
永,羕
永,眿
永,昹
永,㫤
央,英
央,映
央,鴦
央,怏
央,鞅
央,殃
央,秧
央,泱
央,駚
央,䱀
央,鉠
央,詇
央,軮
央,䇦
央,盎
央,㼜
屋,握
屋,渥
屋,幄
屋,齷
屋,箼
屋,䌂
尸,屋
尸,局
尸,刷
尸,居
尸,属
尸,尺
尸,層
尸,展
尸,届
尸,屈
尸,遅
尸,殿
尸,尾
尸,尿
尸,尉
尸,尼
尸,履
尸,尻
尸,犀
尸,屍
尸,屑
尸,屡
尸,屁
尸,屎
尸,屏
尸,屠
尸,孱
尸,屓
尸,辟
尸,屆
尸,屐
尸,屬
尸,層
尸,屢
尸,屛
尸,屭
尸,鳲
尸,羼
昷,温
昷,鰛
昷,緼
昷,愠
開,鐦
界,堺
介,界
介,芥
介,价
介,疥
介,畍
介,齘
介,骱
介,䯰
介,魪
介,养
介,紒
介,蚧
介,玠
介,砎
介,祄
介,扴
皆,階
皆,楷
皆,諧
皆,偕
皆,揩
皆,鍇
皆,堦
皆,㾬
皆,稭
官,館
官,管
官,棺
官,舘
官,菅
官,綰
官,錧
官,輨
官,逭
官,琯
官,痯
官,悹
官,悺
感,憾
感,撼
感,轗
感,鱤
咸,感
咸,減
咸,喊
咸,鰔
咸,鹹
咸,箴
咸,鍼
咸,緘
咸,黬
咸,醎
咸,麙
咸,顑
咸,觱
咸,諴
咸,羬
咸,葴
咸,瑊
咸,碱
咸,㨔
寒,㩃
井,寒
井,囲
井,耕
井,塞
井,丼
井,嚢
井,冓
井,搴
井,寨
井,蹇
井,騫
井,謇
井,襄
井,賽
井,穽
井,畊
井,囊
井,刱
井,鶱
井,阱
井,㘫
井,褰
井,㐮
夫,漢
夫,失
夫,規
夫,難
夫,嘆
夫,鶏
夫,渓
夫,扶
夫,歎
夫,芙
夫,麩
夫,麸
夫,趺
夫,艱
夫,畉
夫,羮
夫,嘆
夫,漢
夫,難
夫,颫
夫,鈇
夫,㝬
夫,囏
夫,蚨
夫,玞
夫,砆
厈,岸
其,期
其,旗
其,基
其,棋
其,欺
其,碁
其,箕
其,麒
其,斯
其,簸
其,棊
其,朞
其,騏
其,祺
其,稘
其,淇
其,魌
其,鯕
其,䳢
其,䫏
其,錤
其,諆
其,踑
其,簱
其,綦
其,綨
其,萁
其,蜞
其,琪
其,惎
客,額
客,喀
客,髂
客,䘔
客,愙
客,愘
客,揢
各,客
各,路
各,格
各,略
各,閣
各,絡
各,酪
各,賂
各,洛
各,恪
各,挌
各,輅
各,駱
各,珞
各,骼
各,烙
各,狢
各,貉
各,茖
各,咯
各,畧
各,䶅
各,鮥
各,鵅
各,鴼
各,頟
各,鉻
各,雒
各,觡
各,詻
各,笿
各,臵
各,蛒
各,衉
各,袼
各,硌
各,㤩
刍,急
及,級
及,吸
及,扱
及,汲
及,笈
及,岌
及,馺
及,魥
及,靸
及,鈒
及,訯
及,趿
及,﨤
及,芨
及,衱
及,㤂
及,忣
求,球
求,救
求,毬
求,裘
求,逑
求,銶
求,觩
求,賕
求,絿
求,莍
求,蛷
求,捄
去,法
去,却
去,劫
去,怯
去,盍
去,刧
去,魼
去,麮
去,阹
去,詓
去,袪
去,珐
去,砝
去,祛
去,抾
喬,橋
喬,矯
喬,僑
喬,蕎
喬,嬌
喬,轎
喬,驕
喬,鱎
喬,鷮
喬,鞽
喬,鐈
喬,譑
喬,趫
喬,蹻
喬,勪
喬,簥
喬,蟜
喬,憍
喬,撟
喬,敽
喬,敿
業,鄴
業,礏
业,業
业,並
业,虚
业,繊
业,黹
业,對
业,丵
曲,農
曲,豊
曲,曹
曲,髷
曲,麯
曲,筁
曲,蛐
局,跼
局,鋦
局,挶
艮,銀
艮,根
艮,良
艮,眼
艮,限
艮,退
艮,恨
艮,痕
艮,垠
艮,很
艮,齦
艮,跟
艮,狠
艮,艱
艮,豤
艮,貇
艮,簋
艮,茛
艮,拫
区,駆
区,欧
区,殴
区,枢
区,鴎
区,躯
区,瓯
具,真
具,惧
具,倶
具,颶
具,俱
呂,宮
呂,営
呂,侶
呂,麿
呂,閭
呂,梠
呂,筥
呂,絽
呂,營
呂,鋁
呂,躳
呂,郘
呂,莒
呂,捛
君,郡
君,群
君,裙
君,窘
君,桾
君,羣
君,麏
君,頵
君,覠
君,莙
君,裠
君,帬
君,珺
君,捃
尹,君
尹,伊
尹,笋
尹,芛
匕,化
匕,死
匕,老
匕,能
匕,疑
匕,壱
匕,旨
匕,尼
匕,頃
匕,匂
匕,穎
匕,匙
匕,此
匕,牝
匕,鴇
匕,齔
匕,肄
匕,鬯
匕,頴
匕,潁
匕,皀
匕,眞
匕,它
匕,麀
匕,顈
匕,疕
圣,軽
圣,径
圣,経
圣,怪
圣,茎
圣,頚
系,係
系,孫
系,鯀
系,緜
系,縣
系,繇
血,衆
血,恤
血,洫
血,衄
血,衂
血,卹
血,賉
血,衁
血,䘐
血,衃
血,衅
血,衉
血,衈
血,䘒
血,䘔
血,衊
血,衋
血,䘏
皿,血
皿,塩
皿,益
皿,盛
皿,盟
皿,監
皿,盗
皿,盤
皿,盆
皿,盈
皿,盃
皿,孟
皿,媼
皿,慍
皿,鰮
皿,蠱
皿,膃
皿,醢
皿,醯
皿,謐
皿,褞
皿,瘟
皿,饂
皿,盂
皿,盍
皿,盒
皿,盞
皿,盧
皿,盥
皿,盪
皿,蘯
皿,盡
皿,盜
皿,鹽
皿,榲
皿,盖
皿,溫
皿,盌
皿,齍
皿,韞
皿,盋
皿,轀
皿,醓
皿,醞
皿,笽
皿,簋
皿,盙
皿,縕
皿,蒕
皿,盁
皿,盅
皿,益
皿,盎
皿,昷
皿,盉
皿,盇
皿,盔
皿,盝
皿,盠
皿,盦
皿,泴
皿,䀇
皿,盨
皿,盩
皿,盬
皿,盭
皿,搵
夬,決
夬,快
夬,訣
夬,刔
夬,抉
夬,鴃
夬,袂
夬,决
夬,缺
夬,鴂
夬,駃
夬,鈌
夬,觖
夬,趹
夬,芵
夬,玦
県,縣
研,揅
胡,湖
胡,瑚
胡,糊
胡,醐
胡,蝴
胡,餬
胡,楜
胡,葫
胡,鬍
胡,鶘
胡,箶
胡,衚
庫,褲
幸,報
幸,執
幸,倖
幸,圉
幸,逹
幸,盩
幸,盭
幸,睪
幸,悻
向,嚮
向,餉
向,响
向,逈
向,䖮
向,珦
向,扄
向,晑
向,晌
巷,港
巷,闀
号,號
号,鴞
祭,察
祭,際
祭,蔡
祭,鰶
祭,瘵
祭,穄
祭,憏
示,祭
示,票
示,禁
示,宗
示,隷
示,尉
示,款
示,斎
示,奈
示,祁
示,祇
示,禦
示,禰
示,禀
示,祀
示,祗
示,祠
示,祚
示,祓
示,祟
示,祺
示,禊
示,禝
示,禧
示,禳
示,頴
示,祕
示,祿
示,禪
示,禮
示,神
示,祥
示,福
示,社
示,祈
示,祉
示,祐
示,祖
示,祝
示,禍
示,禎
示,視
示,禱
示,龒
示,䱈
示,眎
示,礽
示,禩
示,礿
示,祄
示,祆
示,祋
示,祊
示,祅
示,祛
示,祜
示,祘
示,祏
示,祑
示,祔
示,䄅
示,祫
示,祩
示,祧
示,祲
示,祼
示,祻
示,祹
示,祾
示,禕
示,禋
示,禑
示,禔
示,禘
示,禖
示,禓
示,禜
示,禌
示,禛
示,禡
示,禨
示,禫
示,禯
示,禴
扌,指
扌,持
扌,拾
扌,打
扌,投
扌,折
扌,技
扌,採
扌,授
扌,招
扌,接
扌,損
扌,提
扌,拡
扌,揮
扌,捨
扌,推
扌,操
扌,探
扌,担
扌,拝
扌,批
扌,握
扌,扱
扌,援
扌,押
扌,拠
扌,掘
扌,抗
扌,振
扌,拓
扌,抵
扌,摘
扌,拍
扌,抜
扌,搬
扌,描
扌,払
扌,捕
扌,抱
扌,換
扌,携
扌,掲
扌,控
扌,拘
扌,搾
扌,撮
扌,擦
扌,摂
扌,措
扌,掃
扌,択
扌,抽
扌,排
扌,擁
扌,揚
扌,揺
扌,抑
扌,拐
扌,括
扌,擬
扌,拒
扌,挟
扌,拷
扌,抄
扌,据
扌,拙
扌,捜
扌,挿
扌,挑
扌,撤
扌,搭
扌,把
扌,披
扌,扶
扌,撲
扌,抹
扌,挨
扌,挫
扌,拶
扌,拭
扌,捉
扌,捗
扌,捻
扌,拉
扌,按
扌,掩
扌,掴
扌,攪
扌,撹
扌,掬
扌,捲
扌,撒
扌,撰
扌,撞
扌,揖
扌,捷
扌,摺
扌,擾
扌,揃
扌,掻
扌,托
扌,擢
扌,捺
扌,挺
扌,撚
扌,播
扌,摸
扌,捌
扌,扮
扌,挽
扌,撫
扌,捧
扌,掠
扌,扎
扌,扞
扌,扛
扌,扣
扌,扠
扌,扨
扌,扼
扌,抉
扌,找
扌,抒
扌,抓
扌,抖
扌,抃
扌,抔
扌,拗
扌,拑
扌,抻
扌,拆
扌,拈
扌,拌
扌,拊
扌,拇
扌,抛
扌,挌
扌,拮
扌,拱
扌,挂
扌,拯
扌,拵
扌,捐
扌,捍
扌,捏
扌,掖
扌,掎
扌,掀
扌,掫
扌,捶
扌,掏
扌,掉
扌,掟
扌,捫
扌,捩
扌,掾
扌,揩
扌,揀
扌,揆
扌,揣
扌,揉
扌,揶
扌,揄
扌,搆
扌,搦
扌,搶
扌,搓
扌,搗
扌,搏
扌,摶
扌,搨
扌,摧
扌,摎
扌,撓
扌,撥
扌,撕
扌,撩
扌,撈
扌,擒
扌,撼
扌,擅
扌,撻
扌,擂
扌,擱
扌,擠
扌,擡
扌,抬
扌,擣
扌,擯
扌,擲
扌,擺
扌,擽
扌,攘
扌,攅
扌,攤
扌,攫
扌,攬
扌,籀
扌,據
扌,擇
扌,攜
扌,抂
扌,拔
扌,擔
扌,擴
扌,拂
扌,挧
扌,挾
扌,搜
扌,掵
扌,插
扌,搖
扌,攝
扌,擶
扌,擤
扌,揭
扌,摑
扌,搔
扌,拋
扌,攢
扌,捓
扌,拪
扌,摠
扌,揔
扌,捴
扌,挱
扌,㩃
扌,擵
扌,擫
扌,㩜
扌,扖
扌,扔
扌,扒
扌,扑
扌,扐
扌,扜
扌,摃
扌,扢
扌,扤
扌,扦
扌,扡
扌,扚
扌,抎
扌,㧎
扌,扴
扌,抏
扌,抈
扌,抇
扌,扺
扌,扻
扌,扯
扌,扭
扌,抌
扌,抐
扌,扽
扌,㧊
扌,㧞
扌,扳
扌,抆
扌,㧖
扌,抴
扌,㨯
扌,抾
扌,㩀
扌,抅
扌,拃
扌,抳
扌,抮
扌,拕
扌,拖
扌,抶
扌,拄
扌,抷
扌,㧙
扌,抿
扌,抦
扌,拚
扌,抨
扌,抺
扌,抭
扌,拎
扌,挖
扌,拽
扌,捙
扌,挄
扌,挍
扌,拫
扌,㧗
扌,抍
扌,拴
扌,挓
扌,拸
扌,挃
扌,挏
扌,挘
扌,捔
扌,挶
扌,捄
扌,捃
扌,捂
扌,捁
扌,挭
扌,捆
扌,挋
扌,捒
扌,捘
扌,捎
扌,挼
扌,挻
扌,摉
扌,揷
扌,挪
扌,挩
扌,捈
扌,捅
扌,揑
扌,捀
扌,捊
扌,抙
扌,挬
扌,挴
扌,挹
扌,捋
扌,掗
扌,捱
扌,掝
扌,捦
扌,掜
扌,掮
扌,掆
扌,掐
扌,掯
扌,掍
扌,擑
扌,掞
扌,掙
扌,捽
扌,捼
扌,㧻
扌,掁
扌,掦
扌,掇
扌,捵
扌,掂
扌,掭
扌,㧺
扌,捸
扌,捭
扌,掤
扌,捬
扌,掊
扌,拼
扌,掕
扌,掚
扌,掄
扌,捥
扌,揠
扌,揜
扌,揢
扌,揵
扌,揈
扌,揸
扌,揌
扌,揓
扌,揪
扌,揲
扌,揳
扌,㨎
扌,揎
扌,揕
扌,揥
扌,揁
扌,撘
扌,揨
扌,揬
扌,揹
扌,掽
扌,搹
扌,搕
扌,搵
扌,搉
扌,擕
扌,搩
扌,搞
扌,搰
扌,搠
扌,搘
扌,搢
扌,搊
扌,搧
扌,㨛
扌,搽
扌,搋
扌,㨖
扌,搐
扌,搥
扌,搌
扌,搷
扌,搯
扌,搪
扌,搣
扌,搒
扌,搤
扌,搚
扌,摡
扌,摜
扌,摳
扌,摋
扌,摻
扌,摏
扌,摭
扌,摐
扌,摷
扌,摔
扌,摣
扌,摕
扌,摛
扌,攡
扌,摴
扌,摚
扌,摽
扌,㨽
扌,摒
扌,摓
扌,摞
扌,摙
扌,摟
扌,摝
扌,撎
扌,撊
扌,撝
扌,撌
扌,撟
扌,撬
扌,撳
扌,撠
扌,撅
扌,撍
扌,撦
扌,撜
扌,撨
扌,撏
扌,撙
扌,撣
扌,撐
扌,撑
扌,㩉
扌,㩌
扌,撇
扌,㩎
扌,擄
扌,撛
扌,㨔
扌,擐
扌,擀
扌,撽
扌,擏
扌,撿
扌,擌
扌,擉
扌,撡
扌,撾
扌,擋
扌,擗
扌,攂
扌,擭
扌,擩
扌,擰
扌,擷
扌,擻
扌,攄
扌,擿
扌,㩧
扌,㩠
扌,攁
扌,攊
扌,擸
扌,攉
扌,攌
扌,攈
扌,攟
扌,攐
扌,攏
扌,攖
扌,撄
扌,攓
扌,攙
扌,攕
扌,攔
扌,㩮
扌,攑
扌,攛
扌,㩳
扌,攞
扌,攦
扌,攩
扌,攭
扌,攮
扌,扵
扌,捛
旨,指
旨,脂
旨,詣
旨,稽
旨,嘗
旨,鮨
旨,鴲
旨,鑙
旨,恉
歯,齢
歯,噛
死,葬
死,屍
死,斃
死,薨
死,臰
死,薧
歹,死
歹,列
歹,残
歹,殖
歹,殊
歹,殉
歹,夙
歹,殆
歹,歿
歹,殀
歹,殃
歹,殄
歹,殍
歹,殞
歹,殤
歹,殫
歹,殪
歹,殯
歹,殲
歹,殱
歹,薤
歹,殘
歹,殕
歹,飱
仕,茌
吏,使
次,資
次,姿
次,盗
次,茨
次,恣
次,咨
次,瓷
次,粢
次,䪡
次,餈
次,趑
次,秶
次,羡
亅,事
亅,丁
亅,予
亅,争
亅,了
亅,亦
亅,鬥
亅,亊
亅,爭
式,試
式,拭
式,弑
式,軾
式,鉽
弋,式
弋,代
弋,武
弋,鳶
弋,弌
弋,弍
弋,杙
弋,貳
弋,貮
弋,弎
弋,骮
弋,隿
弋,貣
弋,芅
弋,忒
与,写
者,暑
者,都
者,署
者,諸
者,著
者,煮
者,緒
者,渚
者,猪
者,者
者,鯺
者,踷
昔,借
昔,錯
昔,惜
昔,措
昔,鵲
昔,醋
昔,齰
昔,䱜
昔,䧿
昔,趞
昔,踖
昔,逪
昔,耤
昔,蜡
昔,瘄
昔,皵
昔,矠
昔,碏
昔,䄍
昔,斮
龷,昔
龷,共
龷,散
酉,酒
酉,配
酉,酸
酉,酵
酉,酔
酉,酷
酉,酢
酉,酌
酉,醜
酉,酬
酉,醸
酉,酪
酉,醒
酉,酎
酉,醐
酉,酋
酉,醇
酉,醤
酉,醍
酉,醗
酉,酊
酉,酖
酉,酣
酉,酥
酉,酩
酉,酲
酉,酳
酉,醋
酉,醂
酉,醢
酉,醪
酉,醯
酉,醵
酉,醴
酉,醺
酉,釁
酉,逎
酉,釀
酉,醫
酉,酘
酉,醉
酉,醬
酉,醱
酉,醎
酉,輏
酉,酏
酉,酐
酉,酓
酉,酗
酉,酙
酉,酚
酉,酛
酉,酤
酉,酡
酉,酟
酉,酧
酉,醻
酉,酮
酉,酭
酉,酴
酉,酶
酉,酻
酉,酺
酉,酹
酉,醃
酉,醆
酉,醕
酉,䣩
酉,醊
酉,醅
酉,醁
酉,醔
酉,醑
酉,醓
酉,醞
酉,醠
酉,醘
酉,醝
酉,醡
酉,醦
酉,醨
酉,䤈
酉,醮
酉,醰
酉,醭
酉,醳
酉,醶
酉,醲
酉,醹
酉,醼
酉,醾
酉,釄
酉,醿
酉,醽
酉,釂
酉,釃
酉,釅
守,狩
守,酧
主,住
主,注
主,柱
主,往
主,駐
主,註
主,麈
主,黈
主,飳
主,鉒
主,紸
主,罜
主,蛀
主,疰
主,砫
主,拄
取,最
取,趣
取,諏
取,叢
取,娵
取,娶
取,掫
取,輙
取,聚
取,陬
取,齱
取,鯫
取,鋷
取,郰
取,緅
取,菆
受,授
受,綬
受,閿
受,辤
爫,受
爫,愛
爫,隠
爫,稲
爫,謡
爫,穏
爫,鶏
爫,揺
爫,渓
爫,爵
爫,妥
爫,采
爫,舜
爫,遥
爫,奚
爫,孚
爫,爰
爫,瑶
爫,覓
爫,亂
爫,爭
爫,爲
爫,辭
爫,覶
爫,䍃
爫,舀
爫,爱
爫,㥯
習,翫
習,摺
習,慴
習,褶
習,鰼
習,霫
習,磖
集,襍
集,穕
隹,集
隹,進
隹,観
隹,雑
隹,権
隹,推
隹,難
隹,維
隹,雅
隹,歓
隹,勧
隹,雌
隹,雄
隹,離
隹,雇
隹,焦
隹,隻
隹,稚
隹,准
隹,唯
隹,堆
隹,誰
隹,椎
隹,惟
隹,潅
隹,雀
隹,隼
隹,雛
隹,錐
隹,碓
隹,雜
隹,售
隹,崔
隹,帷
隹,截
隹,暹
隹,騅
隹,雎
隹,雉
隹,雍
隹,雋
隹,霍
隹,雕
隹,雖
隹,讎
隹,瞿
隹,寉
隹,淮
隹,難
隹,魋
隹,䧻
隹,䨄
隹,雞
隹,䧿
隹,鵻
隹,顀
隹,陮
隹,隺
隹,隿
隹,雈
隹,䧺
隹,雊
隹,隽
隹,雝
隹,雒
隹,雔
隹,雚
隹,雟
隹,趡
隹,翟
隹,萑
隹,蜼
隹,睢
終,蔠
州,酬
州,洲
州,駲
州,詶
重,動
重,種
重,衝
重,腫
重,鍾
重,董
重,踵
重,箽
重,畽
重,瘇
宿,縮
宿,蓿
宿,鏥
宿,蹜
佰,宿
暑,鱪
所,齭
助,鋤
助,勗
助,耡
助,莇
助,筯
肖,消
肖,削
肖,硝
肖,宵
肖,哨
肖,梢
肖,蛸
肖,鞘
肖,屑
肖,峭
肖,悄
肖,鮹
肖,霄
肖,銷
肖,誚
肖,逍
肖,稍
肖,趙
肖,髾
肖,魈
肖,陗
肖,筲
肖,綃
肖,艄
肖,莦
肖,琑
肖,痟
肖,睄
肖,矟
肖,捎
昭,照
召,昭
召,招
召,紹
召,沼
召,超
召,詔
召,劭
召,齠
召,韶
召,髫
召,邵
召,貂
召,迢
召,鮉
召,鞀
召,鉊
召,鼦
召,軺
召,笤
召,苕
召,蛁
召,袑
召,玿
召,怊
章,障
章,彰
章,樟
章,嶂
章,鱆
章,璋
章,瘴
章,麞
章,鏱
章,贛
章,贑
章,遧
章,鄣
章,蟑
章,瞕
章,慞
冏,商
冏,烱
冏,裔
冏,巂
冏,雟
冏,䢛
冏,綗
冏,矞
冏,㤯
劵,勝
劵,椦
乗,剰
身,射
身,躯
身,躬
身,躱
身,躾
身,軈
身,躰
身,軅
身,軆
身,軀
身,鵢
身,躳
身,躮
身,躲
身,躵
身,躻
身,躺
身,躽
身,軁
身,軃
身,軇
身,軂
身,躭
身,軄
身,裑
身,躶
身,竧
進,璡
申,神
申,伸
申,紳
申,捜
申,痩
申,坤
申,暢
申,呻
申,抻
申,神
申,䰠
申,鉮
申,訷
申,珅
申,畃
申,眒
申,砷
罙,深
罙,探
罙,賝
罙,琛
真,慎
真,鎮
真,填
真,槙
真,顛
真,鷏
真,齻
真,窴
真,搷
世,笹
世,貰
世,泄
世,紲
世,靾
世,詍
世,跇
世,迣
世,袣
世,抴
敕,整
敕,嫩
敕,鷘
全,栓
全,詮
全,筌
全,銓
全,痊
全,跧
全,輇
全,絟
全,荃
全,拴
相,想
相,箱
相,霜
相,湘
相,廂
相,緗
相,葙
送,鎹
关,送
关,関
关,咲
关,朕
关,郑
关,眹
息,熄
息,鎴
息,鄎
息,蒠
息,螅
息,瘜
束,速
束,頼
束,疎
束,勅
束,辣
束,剌
束,悚
束,竦
束,踈
束,敕
束,賴
束,鵣
束,餗
束,觫
束,辢
束,捒
族,嗾
族,簇
族,鏃
族,蔟
族,鷟
族,瘯
族,䃚
代,貸
代,袋
代,岱
代,黛
代,玳
代,垈
弔,第
弔,苐
是,題
是,提
是,堤
是,匙
是,醍
是,寔
是,騠
是,鯷
是,鶗
是,鞮
是,韙
是,鍉
是,隄
是,諟
是,踶
是,緹
是,翨
是,蝭
是,褆
是,睼
是,禔
炭,碳
灰,炭
灰,恢
灰,詼
灰,盔
炎,談
炎,淡
炎,啖
炎,毯
炎,痰
炎,餤
炎,颷
炎,錟
炎,賧
炎,郯
炎,緂
炎,舕
炎,菼
炎,裧
炎,琰
炎,睒
炎,惔
炎,扊
炎,掞
炎,晱
注,霔
追,鎚
追,槌
追,縋
追,磓
追,搥
𠂤,追
𠂤,師
𠂤,帥
𠂤,阜
𠂤,薛
𠂤,歸
𠂤,辥
𠂤,蛗
定,錠
定,綻
定,碇
定,淀
定,掟
定,聢
定,諚
定,䧑
定,靛
定,䘺
廷,庭
廷,艇
廷,挺
廷,霆
廷,梃
廷,鼮
廷,䩠
廷,頲
廷,鋌
廷,筳
廷,莛
廷,蜓
廷,珽
失,鉄
失,秩
失,迭
失,佚
失,帙
失,跌
失,軼
失,詄
失,紩
失,蛈
失,袟
失,袠
失,瓞
失,祑
失,怢
失,抶
失,昳
度,渡
度,鍍
度,踱
廿,度
廿,席
廿,庶
廿,燕
廿,歎
廿,丗
廿,艱
廿,嘆
廿,漢
廿,難
廿,卋
廿,鷰
廿,囏
島,搗
島,槝
登,澄
登,鐙
登,嶝
登,橙
登,磴
登,燈
登,證
登,鼟
登,隥
登,覴
登,蹬
登,鄧
登,簦
登,艠
登,璒
登,瞪
登,撜
癶,登
癶,発
癶,癸
癶,發
癶,癹
湯,蕩
湯,盪
湯,簜
湯,璗
殳,投
殳,役
殳,殺
殳,設
殳,穀
殳,段
殳,殿
殳,般
殳,殴
殳,没
殳,疫
殳,殻
殳,毀
殳,股
殳,毅
殳,廏
殳,愨
殳,轂
殳,鑿
殳,骰
殳,芟
殳,殷
殳,發
殳,殼
殳,毆
殳,酘
殳,穀
殳,擊
殳,繫
殳,鷇
殳,觳
殳,豛
殳,轚
殳,糳
殳,縠
殳,羖
殳,蟿
殳,瑴
殳,癹
殳,祋
殳,糓
動,働
動,勲
動,慟
童,鐘
童,憧
童,瞳
童,撞
童,僮
童,幢
童,橦
童,艟
童,潼
童,蹱
童,罿
童,蕫
童,疃
童,穜
農,濃
農,膿
農,儂
農,醲
農,蕽
農,襛
農,禯
農,穠
農,憹
辰,農
辰,震
辰,振
辰,辱
辰,娠
辰,唇
辰,賑
辰,宸
辰,晨
辰,蜃
辰,脣
辰,麎
辰,鋠
辰,辳
辰,䢉
辰,辴
辰,莀
辰,蜄
辰,敐
波,婆
波,菠
波,碆
波,箥
皮,波
皮,破
皮,被
皮,疲
皮,彼
皮,披
皮,簸
皮,頗
皮,坡
皮,跛
皮,玻
皮,鞁
皮,陂
皮,皰
皮,皴
皮,皹
皮,皸
皮,皺
皮,皷
皮,骳
皮,髲
皮,鮍
皮,麬
皮,鈹
皮,詖
皮,蚾
皮,皯
皮,㿬
皮,皵
皮,皶
皮,皻
皮,皽
配,蓜
倍,蓓
咅,倍
咅,部
咅,陪
咅,培
咅,賠
咅,剖
咅,菩
咅,碚
咅,焙
咅,殕
咅,䴺
咅,餢
咅,錇
咅,踣
咅,郶
咅,醅
咅,瓿
咅,掊
発,廃
発,溌
発,醗
発,㾱
反,板
反,坂
反,返
反,飯
反,仮
反,版
反,販
反,阪
反,叛
反,鈑
反,皈
反,汳
反,魬
反,舨
反,瓪
反,畈
反,扳
反,昄
悲,蕜
非,悲
非,罪
非,俳
非,輩
非,排
非,扉
非,匪
非,斐
非,緋
非,誹
非,徘
非,鯡
非,霏
非,蜚
非,腓
非,琲
非,裴
非,靠
非,靡
非,菲
非,翡
非,暃
非,騑
非,䤵
非,陫
非,輫
非,裵
非,痱
非,悱
鼻,嚊
鼻,嬶
鼻,鼾
鼻,擤
鼻,齉
鼻,鼼
鼻,鼽
鼻,鼿
鼻,䶊
鼻,齁
鼻,齃
鼻,齆
鼻,齅
鼻,齇
鼻,齄
鼻,襣
鼻,䶌
美,躾
美,羹
美,鎂
⺷,美
⺷,養
⺷,義
⺷,羞
⺷,羨
⺷,姜
⺷,恙
⺷,羌
⺷,羔
⺷,羲
⺷,盖
⺷,养
⺷,羑
⺷,羕
⺷,羡
氷,砯
表,俵
表,錶
表,裱
疒,病
疒,痛
疒,疲
疒,療
疒,疾
疒,痘
疒,癖
疒,疫
疒,症
疒,痴
疒,癒
疒,痢
疒,痕
疒,痩
疒,瘍
疒,癌
疒,痔
疒,疹
疒,疔
疒,疚
疒,疝
疒,疣
疒,疥
疒,疳
疒,痃
疒,痂
疒,疸
疒,疽
疒,疼
疒,疱
疒,痍
疒,疵
疒,痊
疒,痒
疒,痙
疒,痞
疒,痣
疒,痿
疒,痾
疒,痰
疒,痺
疒,痼
疒,痳
疒,痲
疒,瘁
疒,瘧
疒,瘋
疒,瘟
疒,瘠
疒,瘤
疒,瘢
疒,瘡
疒,瘉
疒,瘰
疒,瘴
疒,瘻
疒,癇
疒,癆
疒,癈
疒,癘
疒,癜
疒,癢
疒,癧
疒,癪
疒,癨
疒,癩
疒,癬
疒,癰
疒,癲
疒,癡
疒,瘦
疒,㽵
疒,㽲
疒,疓
疒,疕
疒,疜
疒,疙
疒,疘
疒,疛
疒,㿍
疒,疧
疒,㽷
疒,疢
疒,疤
疒,疺
疒,疴
疒,痀
疒,痄
疒,疻
疒,疰
疒,痁
疒,痆
疒,疷
疒,疿
疒,痏
疒,痎
疒,㾬
疒,痓
疒,痌
疒,㾐
疒,㾓
疒,痗
疒,痧
疒,痤
疒,痠
疒,痟
疒,痜
疒,痡
疒,痝
疒,瘂
疒,痬
疒,瘀
疒,痯
疒,痵
疒,疩
疒,痸
疒,瘄
疒,痮
疒,瘃
疒,痶
疒,痱
疒,痹
疒,瘖
疒,瘕
疒,瘑
疒,瘓
疒,瘝
疒,瘈
疒,㾮
疒,瘊
疒,瘒
疒,㾴
疒,瘇
疒,瘏
疒,痻
疒,㾫
疒,瘐
疒,瘌
疒,瘞
疒,瘣
疒,瘚
疒,瘜
疒,瘛
疒,瘙
疒,瘥
疒,瘨
疒,瘩
疒,癅
疒,癊
疒,瘱
疒,瘸
疒,瘵
疒,瘲
疒,瘮
疒,㿅
疒,瘶
疒,瘯
疒,瘹
疒,瘼
疒,瘭
疒,瘳
疒,瘘
疒,瘺
疒,癋
疒,癎
疒,癀
疒,癄
疒,㿊
疒,㿉
疒,癉
疒,㾱
疒,癍
疒,㿀
疒,癁
疒,癃
疒,癔
疒,癙
疒,疠
疒,癠
疒,癟
疒,癤
疒,癥
疒,㿗
疒,癮
疒,癭
疒,癯
疒,癕
疒,癱
疒,癴
丙,病
丙,柄
丙,炳
丙,鞆
丙,陋
丙,鈵
丙,邴
丙,苪
丙,怲
丙,抦
丙,昺
丙,昞
品,臨
品,嵒
品,區
品,蕚
品,闆
品,匲
品,碞
吅,品
吅,喪
吅,咒
吅,僉
吅,咢
吅,哭
吅,襄
吅,單
吅,嚴
吅,囊
吅,雚
吅,賷
吅,㽞
吅,斝
負,萯
負,蝜
部,蔀
部,篰
畐,福
畐,副
畐,富
畐,幅
畐,逼
畐,匐
畐,蝠
畐,輻
畐,冨
畐,福
畐,鰏
畐,鍢
畐,葍
畐,疈
畐,稫
畐,愊
服,箙
服,鵩
服,菔
𠬝,服
𠬝,報
物,惣
勿,物
勿,易
勿,忽
勿,吻
勿,刎
勿,匆
勿,昜
勿,笏
勿,芴
勿,虝
勿,昒
勿,㫚
平,評
平,坪
平,秤
平,怦
平,鮃
平,苹
平,泙
平,岼
平,䶄
平,砰
平,抨
免,勉
免,晩
免,逸
免,兔
免,挽
免,娩
免,俛
免,冕
免,輓
免,悗
免,勉
免,晚
免,鮸
免,鞔
免,䜛
免,絻
免,莬
放,倣
命,掵
叩,命
面,麺
面,緬
面,靤
面,靦
面,靨
面,湎
面,麵
面,䩉
面,靧
面,愐
囬,面
斿,遊
斿,蝣
斿,游
有,賄
有,鮪
有,郁
有,肴
有,宥
有,侑
有,囿
有,陏
有,䳑
有,銪
有,迶
有,酭
有,蛕
有,痏
有,戫
龴,予
龴,勇
龴,令
龴,疑
龴,亂
龴,甬
龴,辭
龴,覶
乛,予
乛,欠
乛,了
乛,慶
乛,疋
乛,虍
乛,壽
枼,葉
枼,牒
枼,喋
枼,蝶
枼,諜
枼,鰈
枼,渫
枼,緤
枼,楪
枼,鞢
枼,韘
枼,弽
枼,鍱
枼,蹀
枼,䈎
枼,褋
枼,碟
枼,惵
枼,揲
羊,洋
羊,達
羊,群
羊,善
羊,詳
羊,鮮
羊,遅
羊,祥
羊,佯
羊,庠
羊,羝
羊,羚
羊,羯
羊,羶
羊,羸
羊,痒
羊,翔
羊,羣
羊,譱
羊,觧
羊,祥
羊,羍
羊,羏
羊,羖
羊,羓
羊,羜
羊,羢
羊,羦
羊,羧
羊,羪
羊,䍲
羊,䍶
羊,羬
羊,羭
羊,羱
羊,䍺
羊,羳
羊,羴
羊,羵
羊,蛘
氺,様
氺,泰
氺,黍
氺,黎
氺,滕
氺,眔
洛,落
旅,膂
両,満
両,輌
录,緑
录,録
录,剥
录,禄
流,鎏
流,瑬
㐬,流
㐬,硫
㐬,疏
㐬,琉
㐬,旒
㐬,梳
㐬,醯
㐬,毓
㐬,䟽
㐬,旈
列,例
列,烈
列,裂
列,冽
列,洌
列,鮤
列,鴷
列,迾
列,茢
列,蛚
列,㾐
刂,列
刂,刷
刂,副
刂,別
刂,利
刂,刊
刂,制
刂,則
刂,判
刂,割
刂,劇
刂,刻
刂,創
刂,刈
刂,剣
刂,剤
刂,刺
刂,到
刂,刑
刂,削
刂,剛
刂,剰
刂,剖
刂,刹
刂,剥
刂,劃
刂,剃
刂,劉
刂,刋
刂,刔
刂,刎
刂,刪
刂,刮
刂,刳
刂,剄
刂,剋
刂,剌
刂,剞
刂,剔
刂,剴
刂,剳
刂,剿
刂,剽
刂,渕
刂,劍
刂,剩
刂,劑
刂,剝
刂,荆
刂,劄
刂,删
刂,釗
刂,剦
刂,䚯
刂,蒯
路,露
路,蕗
路,鷺
路,簬
路,璐
和,啝
愛,曖
愛,靉
愛,瞹
愛,鱫
愛,薆
愛,璦
愛,皧
以,似
以,苡
以,鉯
位,莅
胃,膚
胃,謂
胃,喟
胃,蝟
胃,渭
胃,緭
衣,製
衣,裁
衣,装
衣,裏
衣,依
衣,壊
衣,襲
衣,哀
衣,衰
衣,袋
衣,裂
衣,懐
衣,衷
衣,褒
衣,袈
衣,裟
衣,裳
衣,衾
衣,袞
衣,袤
衣,袰
衣,裔
衣,裘
衣,裹
衣,裴
衣,褻
衣,襄
衣,襞
衣,畩
衣,裝
衣,襃
衣,衮
衣,銥
衣,䒾
衣,衺
衣,裊
衣,裒
衣,裛
衣,裵
衣,褜
衣,褎
衣,褏
衣,褱
衣,褧
衣,褰
衣,褽
衣,㐮
衣,褺
衣,袠
衣,裠
衣,扆
印,鮣
卩,印
卩,却
卩,即
卩,卸
卩,叩
卩,卯
卩,卻
卩,夘
卩,卽
卩,卹
卩,卭
英,瑛
英,霙
英,暎
英,韺
英,鍈
英,偀
英,碤
果,課
果,巣
果,菓
果,裸
果,彙
果,夥
果,踝
果,裹
果,顆
果,巢
果,髁
果,䴹
果,餜
果,錁
果,輠
果,粿
果,綶
果,蜾
果,褁
果,躶
果,祼
果,稞
果,窠
果,惈
加,賀
加,架
加,伽
加,嘉
加,茄
加,迦
加,駕
加,袈
加,枷
加,跏
加,笳
加,珈
加,痂
加,鴐
加,耞
加,瘸
牙,芽
牙,雅
牙,邪
牙,冴
牙,穿
牙,鴉
牙,訝
牙,谺
牙,呀
牙,齖
牙,迓
牙,蚜
牙,衺
牙,砑
牙,㧎
戒,械
戒,誡
戒,駴
戒,裓
戒,悈
害,割
害,轄
害,瞎
害,豁
害,鶷
害,鎋
害,㝬
圭,街
圭,佳
圭,封
圭,娃
圭,蛙
圭,卦
圭,鮭
圭,桂
圭,珪
圭,畦
圭,哇
圭,奎
圭,恚
圭,挂
圭,閨
圭,硅
圭,袿
圭,鞋
圭,鼃
圭,䵷
圭,銈
圭,觟
圭,詿
圭,跬
圭,䞨
圭,邽
圭,郌
圭,筀
圭,絓
圭,罣
圭,茥
圭,眭
圭,窐
圭,㤬
圭,晆
覚,撹
㠯,官
㠯,遣
㠯,耜
㠯,苢
喜,嬉
喜,僖
喜,鱚
喜,熹
喜,禧
喜,憙
喜,橲
喜,歖
喜,饎
喜,譆
喜,糦
喜,繥
喜,囏
喜,蟢
喜,憘
壴,喜
壴,鼓
壴,嘉
壴,彭
壴,皷
壴,鼔
季,悸
季,痵
旗,籏
希,稀
希,唏
希,鯑
希,晞
希,欷
希,豨
希,郗
希,絺
希,莃
希,瓻
希,睎
希,悕
布,希
布,怖
幾,機
幾,磯
幾,譏
幾,饑
幾,魕
幾,鞿
幾,鐖
幾,蟣
幾,璣
幾,禨
幾,穖
㗊,器
㗊,囂
㗊,噐
㗊,器
義,議
義,儀
義,犠
義,蟻
義,嶬
義,礒
義,艤
義,鸃
義,䴊
義,䧧
兴,挙
兴,誉
劦,協
劦,脅
劦,脇
劦,恊
劦,荔
劦,蛠
竟,鏡
竟,境
竟,竸
竞,競
共,異
共,供
共,殿
共,恭
共,洪
共,巷
共,巽
共,哄
共,拱
共,閧
共,蛬
共,鬨
共,龔
共,䳍
共,鉷
共,谼
共,輂
共,粠
共,舼
共,蕻
共,珙
共,拲
共,晎
亟,極
亟,㥛
刑,型
刑,荊
刑,鉶
刑,硎
景,影
景,憬
景,顥
景,璟
吉,結
吉,詰
吉,桔
吉,佶
吉,劼
吉,拮
吉,黠
吉,髻
吉,頡
吉,臺
吉,鮚
吉,䭇
吉,蛣
吉,袺
吉,硈
吉,秸
建,健
建,鍵
建,腱
建,鞬
建,揵
建,旔
廴,建
廴,延
廴,廷
廴,廻
廴,廼
廴,廸
廴,廹
㑒,験
㑒,険
㑒,検
㑒,剣
㑒,倹
㑒,鹸
㑒,剱
固,個
固,箇
固,錮
固,凅
固,涸
固,痼
固,鯝
固,祻
功,昮
亢,航
亢,抗
亢,坑
亢,杭
亢,伉
亢,吭
亢,頏
亢,骯
亢,魧
亢,鈧
亢,閌
亢,阬
亢,迒
亢,邟
亢,笐
亢,粇
亢,㼚
亢,㽘
亢,秔
亢,忼
康,糠
康,慷
康,鱇
康,穅
隶,康
隶,隷
隶,逮
隶,棣
隶,隸
隶,捸
告,造
告,酷
告,浩
告,皓
告,鋯
告,艁
⺧,告
差,嵯
差,嵳
差,瑳
差,嗟
差,搓
差,槎
差,蹉
差,磋
差,縒
差,髊
差,䱹
差,鹺
差,鎈
差,醝
差,艖
差,褨
差,瘥
最,撮
最,樶
最,蕞
最,穝
采,菜
采,採
采,彩
采,綵
采,睬
殺,鎩
殺,摋
杀,殺
杀,刹
杀,弑
札,紮
札,蚻
察,擦
参,惨
参,鯵
散,撒
散,霰
散,繖
散,饊
产,産
产,彦
㦮,残
㦮,浅
㦮,銭
㦮,桟
㦮,践
㦮,賎
㦮,䬻
㦮,䇳
史,吏
史,駛
史,鉂
乀,史
乀,尺
乀,更
乀,匁
乀,刄
乀,䛕
乀,茰
司,飼
司,詞
司,伺
司,嗣
司,笥
司,覗
司,祠
司,鉰
治,菭
旧,児
旧,稲
旧,陥
旧,焔
旧,㫪
辛,辞
辛,宰
辛,辣
辛,梓
辛,辮
辛,瓣
辛,辜
辛,辟
辛,薛
辛,辨
辛,辧
辛,辭
辛,辯
辛,乵
辛,騂
辛,鋅
辛,辝
辛,辤
辛,辡
辛,辢
辛,辥
辛,辦
辛,辠
辛,莘
辛,辬
衤,初
衤,複
衤,補
衤,被
衤,裸
衤,褐
衤,襟
衤,裕
衤,袖
衤,裾
衤,襖
衤,衿
衤,袴
衤,袷
衤,裡
衤,襍
衤,衫
衤,衵
衤,袂
衤,衲
衤,袗
衤,袙
衤,袢
衤,袒
衤,袍
衤,袿
衤,裃
衤,裄
衤,袱
衤,袵
衤,衽
衤,裙
衤,裼
衤,裲
衤,裨
衤,褄
衤,褌
衤,褊
衤,褓
衤,褞
衤,褥
衤,褫
衤,褪
衤,襁
衤,褸
衤,褶
衤,襌
衤,褝
衤,襠
衤,襦
衤,襭
衤,襤
衤,襯
衤,襴
衤,襷
衤,襪
衤,袮
衤,䙧
衤,衩
衤,衱
衤,袀
衤,衹
衤,衻
衤,袡
衤,衯
衤,袘
衤,袣
衤,袪
衤,袨
衤,袑
衤,袟
衤,袛
衤,袚
衤,袜
衤,袎
衤,裀
衤,袼
衤,袺
衤,袽
衤,袾
衤,袹
衤,裌
衤,裓
衤,裍
衤,裋
衤,裑
衤,裞
衤,裎
衤,裷
衤,褐
衤,䙁
衤,裧
衤,裰
衤,䘺
衤,裯
衤,裱
衤,褘
衤,裩
衤,褆
衤,褍
衤,褖
衤,褚
衤,褋
衤,褙
衤,褕
衤,褲
衤,褠
衤,褨
衤,褯
衤,褦
衤,褹
衤,褷
衤,襂
衤,襀
衤,襅
衤,褾
衤,褵
衤,褛
衤,襉
衤,襋
衤,襐
衤,襓
衤,襈
衤,襏
衤,襒
衤,襆
衤,襘
衤,䘳
衤,襛
衤,襡
衤,襚
衤,襜
衤,襗
衤,襢
衤,䙥
衤,襣
衤,襫
衤,襬
衤,襮
衤,襰
衤,襳
衤,襽
衤,襵
衤,襶
衤,襼
衤,襺
衤,襻
衤,䙰
衤,䙱
昌,唱
昌,娼
昌,菖
昌,椙
昌,倡
昌,猖
昌,鯧
昌,錩
昌,閶
昌,誯
昌,琩
昌,晿
笑,㗛
夭,笑
夭,妖
夭,沃
夭,呑
夭,忝
夭,飫
夭,殀
夭,䴠
夭,訞
夭,芺
夭,祅
夭,穾
夭,㤇
尭,焼
尭,暁
松,鬆
松,菘
松,淞
松,蜙
賞,償
賞,鑜
龸,賞
龸,堂
龸,常
龸,党
龸,掌
龸,嘗
龸,裳
龸,棠
龸,黨
龸,當
龸,甞
龸,䟫
龸,瓽
象,像
象,橡
象,豫
象,蟓
象,襐
省,箵
臣,蔵
臣,覧
臣,臨
臣,監
臣,姫
臣,臥
臣,鑒
臣,宦
臣,熈
臣,臧
臣,鹽
臣,覽
臣,頣
臣,頥
臣,鍳
臣,卧
臣,臤
臣,譼
臣,贒
臣,茞
臣,盬
臣,擥
臣,挋
争,静
争,浄
争,筝
成,城
成,誠
成,盛
成,晟
成,筬
成,鯎
成,鋮
成,郕
成,臹
成,荿
成,珹
成,晠
戊,成
戊,蔵
戊,茂
戊,戚
戊,戍
戊,戌
戊,蕆
席,蓆
席,褯
積,癪
責,積
責,績
責,債
責,漬
責,蹟
責,勣
責,嘖
責,簀
責,磧
責,鰿
責,賾
責,蔶
責,襀
責,皟
責,瞔
節,櫛
節,蠞
節,癤
即,節
即,節
折,哲
折,誓
折,逝
折,晢
折,浙
折,晣
折,乴
折,踅
折,蜇
折,悊
兑,説
兑,税
兑,鋭
兑,脱
兑,悦
兑,閲
単,戦
単,弾
単,禅
単,蝉
単,騨
単,箪
単,褝
単,惮
戈,戦
戈,裁
戈,戒
戈,幾
戈,戯
戈,載
戈,伐
戈,栽
戈,繊
戈,畿
戈,戴
戈,戟
戈,哉
戈,戎
戈,戊
戈,或
戈,戉
戈,戔
戈,戛
戈,戞
戈,戡
戈,截
戈,戮
戈,戳
戈,找
戈,鐵
戈,鐡
戈,戰
戈,戲
戈,戝
戈,驖
戈,韯
戈,聀
戈,肈
戈,胾
戈,臷
戈,戓
戈,戕
戈,㦯
戈,戜
戈,㦸
戈,戣
戈,戢
戈,戠
戈,戩
戈,戬
戈,戭
戈,戱
巽,選
巽,撰
巽,饌
巽,鐉
巽,譔
巽,簨
巽,蟤
巽,襈
倉,創
倉,鎗
倉,槍
倉,蒼
倉,愴
倉,搶
倉,蹌
倉,滄
倉,艙
倉,瘡
倉,䱽
倉,鶬
倉,瑲
則,側
則,測
則,廁
則,惻
則,厠
則,鰂
則,鍘
卒,翠
卒,倅
卒,悴
卒,淬
卒,猝
卒,瘁
卒,萃
卒,碎
卒,粹
卒,埣
卒,醉
卒,顇
卒,誶
卒,賥
卒,綷
卒,睟
卒,稡
卒,窣
卒,捽
卒,晬
从,卒
从,坐
从,雜
从,僉
从,夾
从,巫
从,來
从,齒
从,從
从,两
从,賫
从,緃
从,眾
孫,遜
孫,蓀
隊,墜
㒸,隊
㒸,遂
㒸,䃍
帯,滞
丗,帯
丗,棄
達,韃
達,撻
達,闥
達,燵
達,鐽
達,躂
達,薘
仲,茽
宁,貯
宁,苧
宁,佇
宁,紵
宁,竚
宁,詝
宁,羜
宁,眝
兆,跳
兆,桃
兆,逃
兆,挑
兆,眺
兆,銚
兆,佻
兆,姚
兆,晁
兆,誂
兆,窕
兆,鼗
兆,鮡
兆,鞉
兆,頫
兆,覜
兆,珧
兆,祧
兆,恌
兆,旐
兆,晀
亭,停
亭,渟
亭,聤
亭,葶
亭,蝏
亭,揨
氐,低
氐,底
氐,抵
氐,邸
氐,砥
氐,鴟
氐,柢
氐,胝
氐,牴
氐,詆
氐,羝
氐,觝
氐,祗
氐,岻
氐,骶
氐,阺
氐,呧
氐,䟡
氐,䑛
氐,茋
氐,蚳
氐,袛
氐,疷
氐,眡
氐,秪
氐,怟
底,鯳
的,菂
勺,的
勺,約
勺,酌
勺,釣
勺,杓
勺,灼
勺,豹
勺,妁
勺,芍
勺,馰
勺,魡
勺,靮
勺,趵
勺,玓
勺,瓝
勺,畃
勺,旳
勺,礿
勺,扚
典,腆
典,椣
典,錪
典,覥
典,痶
典,碘
典,㥏
典,捵
典,敟
奴,努
奴,怒
奴,呶
奴,孥
奴,帑
奴,弩
奴,拏
奴,駑
奴,鴑
奴,詉
奴,笯
奴,砮
奴,怓
堂,螳
堂,瞠
堂,鞺
堂,鼞
堂,鏜
堂,隚
堂,糛
堂,摚
㝵,得
㝵,碍
㝵,鍀
毒,纛
毒,瑇
毒,蝳
毒,碡
埶,熱
埶,勢
埶,褻
埶,驇
埶,蓺
埶,褹
埶,摰
然,燃
然,撚
然,繎
念,捻
念,稔
念,唸
念,鯰
念,棯
念,騐
念,錜
念,諗
念,艌
念,敜
敗,闝
博,簙
尃,博
尃,縛
尃,傅
尃,搏
尃,榑
尃,膊
尃,溥
尃,賻
尃,愽
尃,髆
尃,餺
尃,鎛
尃,蒪
飛,飜
飛,䬠
飛,䬡
費,鐨
費,㩌
弗,費
弗,沸
弗,彿
弗,怫
弗,髴
弗,狒
弗,佛
弗,拂
弗,鮄
弗,鉘
弗,笰
弗,紼
弗,艴
弗,茀
弗,疿
弗,砩
弗,昲
必,秘
必,泌
必,瑟
必,謐
必,祕
必,駜
必,鮅
必,飶
必,馝
必,鉍
必,閟
必,覕
必,邲
必,苾
必,虙
必,珌
必,怭
必,㧙
票,標
票,漂
票,瓢
票,剽
票,嫖
票,慓
票,鰾
票,飄
票,驃
票,縹
票,飃
票,鏢
票,篻
票,翲
票,蔈
票,螵
票,褾
票,瘭
票,瞟
票,磦
票,䅺
票,摽
覀,票
覀,要
覀,価
覀,覆
覀,覇
覀,粟
覀,栗
覀,覃
覀,覈
覀,賈
覀,覊
覀,覂
付,府
付,符
付,附
付,鮒
付,咐
付,坿
付,拊
付,柎
付,苻
付,駙
付,鉜
付,跗
付,軵
付,蚹
付,祔
付,怤
府,腐
府,俯
府,腑
府,椨
府,捬
不,否
不,杯
不,盃
不,歪
不,丕
不,坏
不,抔
不,罘
不,鈈
不,阫
不,覔
不,还
不,紑
不,芣
不,衃
無,撫
無,蕪
無,嘸
無,廡
無,憮
無,蟱
無,璑
無,甒
副,㨽
粉,彜
兵,浜
兵,鋲
兵,梹
兵,鬂
丘,兵
丘,岳
丘,駈
丘,蚯
丘,邱
丘,坵
丘,乒
丘,乓
丘,茊
丘,虗
別,捌
別,莂
亦,変
亦,跡
亦,恋
亦,蛮
亦,奕
亦,弯
亦,迹
亦,銮
便,鞭
便,鯾
便,箯
便,緶
更,便
更,硬
更,梗
更,哽
更,粳
更,甦
更,峺
更,骾
更,鯁
更,鞕
更,郠
更,稉
更,綆
更,莄
更,挭
法,琺
包,抱
包,砲
包,胞
包,飽
包,泡
包,庖
包,鞄
包,匏
包,咆
包,鮑
包,麭
包,雹
包,枹
包,蚫
包,靤
包,髱
包,鉋
包,炮
包,袍
包,疱
包,苞
包,皰
包,垉
包,骲
包,麅
包,颮
包,跑
包,笣
包,瓟
包,䶌
勹,包
勹,句
勹,旬
勹,勾
勹,匂
勹,勺
勹,勿
勹,匁
勹,匈
勹,甸
勹,匍
勹,匐
勹,黎
勹,蜀
勹,犂
勹,芻
勹,黧
勹,鵹
勹,䭇
勹,訇
勹,舄
勹,䀏
勹,㫄
亡,望
亡,忘
亡,忙
亡,盲
亡,妄
亡,虻
亡,肓
亡,芒
亡,氓
亡,罔
亡,蝱
亡,巟
亡,釯
亡,邙
亡,衁
亡,甿
末,抹
末,沫
末,靺
末,茉
末,秣
末,韎
末,袜
末,皌
末,眜
末,䬴
末,昩
脈,霢
𠂢,脈
𠂢,派
𠂢,覛
𠂢,眽
民,眠
民,泯
民,氓
民,罠
民,岷
民,苠
民,蟁
民,珉
民,抿
民,敃
民,昬
約,葯
勇,湧
勇,踴
勇,愑
要,腰
要,葽
養,鱶
養,瀁
養,癢
養,懩
養,攁
利,痢
利,梨
利,俐
利,悧
利,鯏
利,蜊
利,犁
利,莉
利,鬁
利,鋓
利,誗
坴,陸
坴,睦
坴,逵
坴,淕
坴,鯥
坴,錴
坴,稑
量,糧
良,娘
良,浪
良,狼
良,踉
良,琅
良,莨
良,朖
良,粮
良,朗
良,郞
良,蜋
良,鋃
良,閬
良,誏
良,郒
良,筤
良,籑
良,羪
良,艆
良,硠
良,稂
良,悢
良,㫰
侖,輪
侖,論
侖,倫
侖,崙
侖,崘
侖,淪
侖,綸
侖,棆
侖,鯩
侖,錀
侖,䑳
侖,癟
侖,惀
侖,掄
类,類
类,類
令,冷
令,領
令,齢
令,零
令,鈴
令,苓
令,伶
令,怜
令,玲
令,囹
令,鴒
令,蛉
令,聆
令,羚
令,齡
令,魿
令,閝
令,詅
令,軨
令,笭
令,翎
令,舲
令,衑
令,瓴
令,秢
令,竛
令,拎
令,旍
令,昤
連,漣
連,蓮
連,鏈
連,縺
連,嗹
連,鰱
連,謰
連,璉
連,摙
老,姥
老,蛯
老,耆
老,耄
老,耋
老,咾
老,鮱
老,銠
老,耈
老,荖
老,恅
移,簃
因,恩
因,姻
因,咽
因,烟
因,茵
因,氤
因,駰
因,鞇
因,銦
因,絪
因,裀
韋,衛
韋,偉
韋,違
韋,緯
韋,韓
韋,葦
韋,幃
韋,韜
韋,諱
韋,圍
韋,韝
韋,䪝
韋,韤
韋,韌
韋,韎
韋,韍
韋,韑
韋,韐
韋,韔
韋,韙
韋,韗
韋,䪗
韋,韘
韋,韞
韋,韛
韋,韠
韋,韡
韋,韣
韋,䪜
韋,闈
韋,褘
韋,瑋
韋,禕
韋,愇
易,賜
易,錫
易,剔
易,鯣
易,蜴
易,裼
易,鬄
易,鶍
易,踢
易,逷
易,緆
易,舓
易,痬
易,睗
易,惕
易,掦
易,晹
寅,演
寅,夤
寅,縯
寅,螾
寅,瞚
寅,戭
往,暀
恩,蒽
過,薖
過,撾
咼,過
咼,禍
咼,渦
咼,鍋
咼,堝
咼,蝸
咼,萵
咼,窩
咼,禍
咼,騧
咼,緺
咼,瘑
咼,旤
咼,卨
河,菏
解,蟹
解,廨
解,懈
解,邂
解,蠏
解,繲
解,薢
解,㿍
快,筷
忄,快
忄,慣
忄,情
忄,性
忄,憶
忄,恒
忄,惨
忄,慎
忄,悩
忄,怖
忄,忙
忄,慢
忄,悦
忄,怪
忄,悔
忄,慨
忄,悟
忄,慌
忄,恨
忄,惜
忄,憎
忄,懐
忄,憾
忄,惰
忄,悼
忄,憤
忄,愉
忄,惧
忄,憬
忄,憧
忄,慄
忄,惟
忄,恢
忄,恰
忄,怯
忄,惚
忄,惇
忄,悌
忄,怜
忄,憐
忄,忖
忄,忻
忄,忤
忄,忸
忄,忱
忄,怡
忄,怙
忄,怩
忄,怛
忄,怕
忄,怫
忄,怦
忄,怏
忄,怺
忄,恪
忄,恟
忄,恊
忄,恍
忄,恃
忄,恤
忄,恂
忄,恬
忄,恫
忄,悁
忄,悍
忄,悃
忄,悚
忄,悄
忄,悛
忄,悖
忄,悒
忄,悧
忄,悋
忄,悸
忄,惓
忄,悴
忄,忰
忄,悽
忄,惆
忄,悵
忄,惘
忄,愕
忄,惶
忄,愀
忄,惴
忄,惺
忄,愃
忄,惻
忄,愎
忄,慍
忄,愾
忄,愧
忄,慊
忄,愴
忄,慳
忄,慷
忄,慚
忄,慴
忄,慥
忄,慟
忄,慓
忄,慵
忄,憔
忄,憚
忄,憫
忄,憮
忄,懌
忄,懊
忄,懈
忄,懆
忄,憺
忄,懍
忄,懦
忄,懶
忄,懺
忄,懴
忄,懽
忄,懾
忄,懼
忄,慘
忄,愽
忄,慱
忄,慯
忄,恠
忄,怐
忄,恆
忄,悗
忄,愡
忄,惱
忄,愼
忄,懷
忄,悔
忄,憎
忄,㣼
忄,忟
忄,㤬
忄,悺
忄,㥃
忄,慽
忄,㦅
忄,憘
忄,憞
忄,懨
忄,懙
忄,忉
忄,忇
忄,忋
忄,忓
忄,忔
忄,忕
忄,忨
忄,忯
忄,忣
忄,忺
忄,忼
忄,忶
忄,忮
忄,忪
忄,忲
忄,忡
忄,忳
忄,忭
忄,忬
忄,怴
忄,怇
忄,怳
忄,怍
忄,怵
忄,怚
忄,怔
忄,怊
忄,怗
忄,怟
忄,怓
忄,怢
忄,怭
忄,悑
忄,怲
忄,怞
忄,恗
忄,恛
忄,㤥
忄,愘
忄,恑
忄,忷
忄,恇
忄,㤚
忄,恔
忄,恀
忄,恉
忄,㤞
忄,恌
忄,恈
忄,恅
忄,悅
忄,恱
忄,悈
忄,悕
忄,㤯
忄,悞
忄,悎
忄,悇
忄,悂
忄,恾
忄,悀
忄,愑
忄,愹
忄,悝
忄,悢
忄,恡
忄,惐
忄,惈
忄,惂
忄,㥛
忄,悾
忄,悻
忄,惛
忄,惽
忄,惝
忄,恓
忄,悰
忄,惔
忄,惕
忄,惙
忄,㥏
忄,㥫
忄,悱
忄,㥱
忄,惏
忄,惊
忄,㥄
忄,惀
忄,悷
忄,惋
忄,恲
忄,愇
忄,愔
忄,惲
忄,愅
忄,㦍
忄,愒
忄,愌
忄,愜
忄,㥥
忄,惸
忄,愢
忄,愖
忄,愞
忄,憁
忄,惾
忄,憜
忄,惵
忄,愓
忄,愊
忄,惼
忄,愐
忄,愠
忄,愪
忄,慨
忄,愷
忄,慉
忄,愶
忄,愰
忄,愲
忄,愫
忄,愺
忄,慅
忄,㥮
忄,愵
忄,慆
忄,慬
忄,慻
忄,慠
忄,慞
忄,憏
忄,慲
忄,憀
忄,慺
忄,憒
忄,憪
忄,憍
忄,憢
忄,憓
忄,憰
忄,憯
忄,㦧
忄,憱
忄,憟
忄,惮
忄,憛
忄,憭
忄,㤇
忄,懅
忄,憿
忄,懁
忄,懏
忄,憴
忄,憸
忄,憷
忄,懎
忄,懂
忄,憹
忄,懔
忄,懀
忄,懝
忄,㦜
忄,懠
忄,懧
忄,懤
忄,懡
忄,懜
忄,懞
忄,懭
忄,懥
忄,懪
忄,懱
忄,懮
忄,懩
忄,懢
忄,懰
忄,懵
忄,懻
忄,懹
忄,愯
忄,戄
忄,戃
隺,確
隺,鶴
隺,㿥
隺,搉
貫,慣
貫,實
貫,樌
貫,鏆
貫,遦
貫,摜
幹,澣
幹,簳
幹,擀
規,槻
規,窺
規,鬹
規,䲅
規,闚
規,槼
基,䥓
奇,寄
奇,騎
奇,崎
奇,椅
奇,埼
奇,倚
奇,剞
奇,掎
奇,欹
奇,綺
奇,猗
奇,畸
奇,碕
奇,鵸
奇,䩭
奇,錡
奇,陭
奇,觭
奇,踦
奇,輢
奇,䗁
奇,琦
奇,攲
奇,敧
奇,旖
支,技
支,枝
支,鼓
支,岐
支,肢
支,伎
支,妓
支,跂
支,翅
支,屐
支,鬾
支,鳷
支,頍
支,鈘
支,豉
支,翄
支,芰
支,蚑
支,忮
支,攱
支,㩻
支,攲
我,義
我,餓
我,俄
我,峨
我,蛾
我,哦
我,娥
我,鵝
我,鵞
我,莪
我,峩
我,䳘
我,鋨
我,誐
我,䖸
我,珴
我,睋
我,硪
屰,逆
屰,朔
屰,㡿
久,畝
久,灸
久,玖
久,粂
久,疚
久,镹
久,羑
久,羐
許,滸
居,据
居,裾
居,鋸
居,倨
居,踞
居,䱟
居,鶋
居,䝻
居,琚
均,鋆
均,筠
匀,均
匀,韵
匀,鈞
匀,袀
匀,畇
匀,昀
禁,襟
禁,噤
禁,齽
句,拘
句,駒
句,狗
句,鉤
句,佝
句,劬
句,齣
句,枸
句,苟
句,怐
句,鼩
句,齁
句,鴝
句,雊
句,訽
句,跔
句,笱
句,絇
句,耇
句,耈
句,茍
句,玽
句,痀
句,眗
句,竘
句,敂
句,昫
絜,潔
龹,券
龹,巻
龹,拳
龹,滕
龹,眷
龹,豢
龹,劵
龹,卷
龹,黱
龹,鮝
龹,賸
龹,絭
龹,䄅
龹,䅈
故,做
蒦,護
蒦,獲
蒦,穫
蒦,蠖
蒦,鱯
蒦,韄
蒦,䪝
蒦,鑊
蒦,雘
蒦,䨼
蒦,籆
蒦,艧
蒦,矱
蒦,㦜
蒦,擭
冓,講
冓,構
冓,購
冓,溝
冓,媾
冓,搆
冓,篝
冓,覯
冓,遘
冓,鞲
冓,韝
冓,耩
冓,褠
冓,斠
耒,耕
耒,耗
耒,耨
耒,耡
耒,耜
耒,耙
耒,耘
耒,誄
耒,耓
耒,耔
耒,耖
耒,䎱
耒,耞
耒,耟
耒,耝
耒,耠
耒,耤
耒,耦
耒,耩
耒,耬
耒,耮
耒,耰
耒,耱
㫗,厚
⺽,興
⺽,輿
⺽,黌
⺽,鷽
⺽,釁
⺽,爨
⺽,盥
⺽,學
⺽,覺
⺽,與
⺽,鱟
⺽,䢉
⺽,舋
⺽,璺
⺽,礐
昆,混
昆,崑
昆,鯤
昆,棍
昆,焜
昆,菎
昆,箟
昆,鵾
昆,餛
昆,錕
昆,輥
昆,緄
昆,裩
昆,琨
昆,䃂
昆,掍
査,渣
査,齄
査,㾴
査,皶
査,揸
巛,災
巛,巡
巛,拶
巛,瑙
巛,惱
巛,碯
巛,腦
巛,巢
巛,鍿
巛,鎻
巛,輺
巛,衟
巛,邕
巛,舝
巛,葘
巛,甾
妻,凄
妻,棲
妻,悽
妻,淒
妻,褄
妻,萋
妻,郪
妻,緀
再,冓
冉,再
冉,苒
冉,髯
冉,聃
冉,舑
冉,蚺
冉,袡
冉,寗
在,恠
在,茬
杂,雑
賛,讃
賛,攅
賛,鑚
賛,纉
賛,鄼
賛,瓉
㚘,賛
㚘,替
㚘,輦
夋,酸
夋,唆
夋,俊
夋,峻
夋,竣
夋,駿
夋,悛
夋,梭
夋,浚
夋,逡
夋,皴
夋,鮻
夋,鵔
夋,鵕
夋,餕
夋,陖
夋,踆
夋,羧
夋,荾
夋,䘒
夋,畯
夋,痠
夋,睃
夋,捘
夋,晙
資,薋
師,獅
師,鰤
師,篩
師,蒒
師,螄
帀,師
帀,佩
帀,珮
帀,衞
帀,魳
帀,鳾
帀,韴
帀,迊
志,誌
志,痣
志,鋕
志,覟
戠,識
戠,職
戠,織
戠,幟
戠,熾
戠,軄
戠,蟙
質,躓
質,鑕
質,儨
質,礩
斦,質
射,謝
射,麝
舎,捨
舎,舗
修,蓚
修,鎀
㣊,修
朮,述
朮,術
朮,鉥
朮,訹
朮,䟣
朮,蒁
朮,秫
朮,怵
淮,準
淮,匯
常,嫦
常,蟐
吊,常
丬,状
丬,将
丬,寝
丬,壮
条,條
条,筿
制,製
制,掣
制,鯯
制,䱥
制,痸
設,蔎
妾,接
妾,霎
妾,椄
妾,鯜
妾,踥
妾,䈉
妾,翣
妾,菨
絶,蕝
素,愫
忩,総
忩,聡
忩,捴
曽,増
曽,層
曽,僧
曽,贈
曽,憎
造,慥
造,簉
造,糙
属,嘱
属,瞩
禹,属
禹,齲
禹,踽
禹,鄅
禹,瑀
禹,竬
退,腿
退,褪
能,態
能,罷
能,熊
能,褦
筑,築
張,漲
呈,程
呈,酲
呈,郢
呈,逞
呈,鐵
呈,驖
呈,鞓
呈,鋥
呈,裎
呈,珵
呈,戜
啇,敵
啇,適
啇,摘
啇,滴
啇,嫡
啇,鏑
啇,謫
啇,䮰
啇,蹢
啇,蔐
啇,甋
適,讁
適,藡
適,瓋
適,擿
充,統
充,銃
充,茺
犭,独
犭,犯
犭,獲
犭,狭
犭,狂
犭,狩
犭,猛
犭,獄
犭,猟
犭,猿
犭,猫
犭,猶
犭,狙
犭,狗
犭,狐
犭,獅
犭,猪
犭,狽
犭,狛
犭,狸
犭,狼
犭,犲
犭,狄
犭,狆
犭,狃
犭,狎
犭,狒
犭,狢
犭,狡
犭,狠
犭,狷
犭,猊
犭,猜
犭,猖
犭,猗
犭,猝
犭,猴
犭,猩
犭,猯
犭,猥
犭,獏
犭,猾
犭,獗
犭,獪
犭,獰
犭,獺
犭,獵
犭,犹
犭,狹
犭,獨
犭,猪
犭,猏
犭,猳
犭,犴
犭,猂
任,賃
任,荏
任,凭
任,姙
任,恁
任,袵
任,鵀
任,餁
任,䇮
任,絍
壬,任
壬,廷
壬,妊
壬,衽
壬,徵
壬,飪
壬,鈓
壬,紝
䏍,能
䏍,䳌
㔾,犯
㔾,危
㔾,範
㔾,厄
㔾,氾
㔾,卮
㔾,卷
片,版
片,淵
片,牒
片,牌
片,牋
片,牘
片,肅
片,魸
片,牕
片,牎
判,鵥
肥,蘎
肥,萉
肥,蜰
比,批
比,皆
比,昆
比,鹿
比,庇
比,枇
比,毘
比,琵
比,篦
比,箆
比,妣
比,屁
比,砒
比,紕
比,蓖
比,秕
比,粃
比,貔
比,豼
比,毗
比,魮
比,䴡
比,鎞
比,阰
比,芘
比,蚍
比,螕
比,玭
比,磇
備,憊
武,賦
武,斌
武,鵡
武,錻
武,虣
武,珷
武,碔
復,覆
復,履
復,癁
复,復
复,複
复,腹
复,愎
复,鰒
复,蝮
复,輹
复,馥
复,鍑
扁,編
扁,偏
扁,遍
扁,篇
扁,蝙
扁,騙
扁,諞
扁,褊
扁,翩
扁,鯿
扁,鍽
扁,蹁
扁,糄
扁,艑
扁,萹
扁,㻞
扁,甂
扁,㾫
扁,碥
扁,稨
扁,惼
扁,斒
弁,峅
弁,鴘
弁,閞
弁,笲
弁,拚
弁,昪
保,褒
保,堡
保,褓
保,葆
保,賲
保,緥
呆,保
呆,棠
呆,襃
莫,墓
莫,暮
莫,幕
莫,模
莫,募
莫,慕
莫,膜
莫,漠
莫,摸
莫,寞
莫,蟇
莫,蟆
莫,驀
莫,謨
莫,獏
莫,貘
莫,糢
莫,鏌
莫,鄚
莫,瘼
莫,摹
豊,艶
豊,鱧
豊,醴
豊,禮
豊,軆
豊,體
豊,䵄
豊,闦
豊,霻
豊,豑
豊,鄷
暴,爆
暴,曝
暴,瀑
暴,襮
暴,䂍
暴,懪
暴,㩧
㳟,暴
夢,儚
夢,懜
務,霧
務,蓩
矛,務
矛,柔
矛,茅
矛,袤
矛,矜
矛,楙
矛,髳
矛,雺
矛,霿
矛,蟊
矛,矞
矛,矟
矛,矠
矛,䂍
矛,䂎
矛,敄
务,務
迷,謎
迷,蒾
迷,瞇
帛,綿
帛,錦
帛,棉
帛,緜
帛,幫
兪,輸
兪,諭
兪,愉
兪,喩
兪,愈
兪,偸
兪,揄
兪,蝓
兪,楡
兪,踰
兪,渝
兪,瑜
兪,鍮
兪,瘉
兪,覦
兪,逾
兪,隃
兪,貐
兪,鄃
兪,羭
兪,褕
兪,窬
余,除
余,斜
余,途
余,徐
余,叙
余,蜍
余,荼
余,畭
余,餘
余,敍
余,敘
余,畬
余,駼
余,鵌
余,䳜
余,賖
余,酴
余,艅
余,稌
余,悆
余,悇
余,捈
預,蕷
容,溶
容,熔
容,鎔
容,蓉
容,榕
容,穃
容,鰫
容,瑢
容,愹
率,蟀
率,繂
率,摔
玄,率
玄,畜
玄,弦
玄,舷
玄,牽
玄,絃
玄,呟
玄,鉉
玄,眩
玄,痃
玄,衒
玄,鮌
玄,詃
玄,蚿
玄,袨
玄,玆
玄,玈
玄,昡
留,瑠
留,溜
留,霤
留,榴
留,籀
留,瘤
留,餾
留,鰡
留,䶉
留,騮
留,飀
留,遛
留,罶
領,嶺
異,翼
異,戴
異,糞
異,冀
異,禩
貴,遺
貴,潰
貴,匱
貴,簣
貴,饋
貴,瞶
貴,靧
貴,鞼
貴,闠
貴,隤
貴,蹪
貴,繢
貴,聵
貴,蕢
貴,㿉
貴,穨
貴,憒
貴,撌
或,域
或,惑
或,閾
或,馘
或,國
或,魊
或,䰥
或,聝
或,緎
或,罭
或,蜮
或,惐
或,戫
或,掝
宇,荢
于,宇
于,芋
于,迂
于,吁
于,紆
于,盂
于,骬
于,釪
于,訏
于,邘
于,竽
于,虶
于,玗
于,盱
于,扜
于,旴
延,誕
延,蜒
延,蜑
延,涎
延,筵
延,莚
延,鋋
延,綖
延,挻
閣,擱
革,靴
革,鞍
革,鞠
革,鞘
革,靱
革,靭
革,韃
革,鞭
革,鞄
革,鞫
革,勒
革,靫
革,靼
革,鞁
革,靺
革,鞅
革,鞆
革,鞐
革,鞋
革,鞏
革,鞜
革,鞦
革,鞳
革,鞨
革,鞣
革,鞴
革,韆
革,韈
革,靹
革,䩿
革,靪
革,靬
革,靮
革,靷
革,靳
革,靲
革,靸
革,靶
革,靾
革,靿
革,鞃
革,靻
革,䩜
革,鞀
革,鞉
革,靽
革,鞵
革,鞌
革,鞇
革,鞈
革,鞙
革,鞕
革,鞗
革,鞖
革,䪎
革,鞓
革,䩠
革,鞔
革,䩭
革,鞚
革,鞞
革,䩬
革,鞬
革,鞧
革,鞢
革,䩞
革,鞮
革,鞪
革,鞲
革,鞶
革,鞹
革,鞟
革,鞺
革,鞾
革,鞼
革,鞿
革,鞽
革,韁
革,韂
革,韅
革,韄
革,韇
革,韉
革,䪊
革,韊
革,䪍
革,䩨
革,鞱
革,鞸
革,緙
革,愅
朱,株
朱,殊
朱,珠
朱,蛛
朱,侏
朱,銖
朱,誅
朱,茱
朱,洙
朱,鴸
朱,跦
朱,邾
朱,絑
朱,袾
朱,硃
朱,祩
朱,秼
間,簡
間,澗
間,墹
間,鐧
間,覸
間,蕳
間,癎
間,瞷
間,磵
龵,看
龵,拜
巻,圏
危,脆
危,鮠
危,跪
危,詭
危,頠
危,陒
危,臲
危,蛫
危,硊
危,恑
危,㩻
厃,危
厃,詹
疑,凝
疑,擬
疑,嶷
疑,礙
疑,癡
疑,觺
疑,薿
疑,懝
疋,疑
疋,旋
疋,疎
疋,疏
疋,楚
疋,蛋
疋,胥
疋,頙
疋,颴
疋,琁
疋,疍
疋,疐
郷,響
乡,郷
乡,雍
乡,鄕
匈,胸
匈,恟
匈,洶
匈,詾
肋,筋
肋,荕
勤,懃
敬,警
敬,驚
敬,檠
敬,䜘
敬,璥
敬,憼
敬,擎
敬,㢣
敬,擏
苟,敬
豦,劇
豦,醵
豦,遽
豦,據
豦,鐻
豦,躆
豦,璩
豦,懅
敫,激
敫,徼
敫,檄
敫,覈
敫,邀
敫,竅
敫,繳
敫,皦
敫,礉
敫,憿
敫,撽
絹,羂
肙,絹
肙,娟
肙,悁
肙,捐
肙,鵑
肙,涓
肙,狷
肙,駽
肙,鞙
肙,鋗
肙,罥
肙,蜎
肙,琄
肙,㾓
肙,睊
憲,藼
厳,巌
敢,厳
敢,橄
敢,瞰
敢,嚴
敢,鬫
敢,闞
敢,豃
敢,憨
乎,呼
乎,虖
呉,誤
呉,娯
呉,虞
皇,凰
皇,徨
皇,惶
皇,鰉
皇,蝗
皇,篁
皇,鍠
皇,煌
皇,隍
皇,遑
皇,湟
皇,餭
皇,艎
皇,葟
皇,瑝
皇,㾮
皇,皝
皇,䅣
后,垢
后,詬
后,逅
后,骺
后,銗
后,郈
后,缿
后,茩
⺁,后
⺁,盾
⺁,栃
⺁,卮
⺁,乕
⺁,巵
⺁,貭
⺁,兏
⺁,虒
紅,葒
岡,鋼
岡,綱
岡,剛
岡,崗
岡,棡
岡,掆
夅,降
夅,絳
夅,䜶
夅,逄
亥,刻
亥,該
亥,劾
亥,核
亥,骸
亥,咳
亥,垓
亥,孩
亥,駭
亥,頦
亥,閡
亥,陔
亥,賅
亥,絯
亥,荄
亥,痎
亥,硋
亥,㤥
亥,晐
骨,滑
骨,髄
骨,骸
骨,鶻
骨,榾
骨,骭
骨,骼
骨,骰
骨,髀
骨,髏
骨,髑
骨,猾
骨,髓
骨,磆
骨,體
骨,骪
骨,骫
骨,骬
骨,骮
骨,骱
骨,骯
骨,䯊
骨,骷
骨,骶
骨,骳
骨,骲
骨,骻
骨,䯏
骨,䯒
骨,骹
骨,骺
骨,骴
骨,骾
骨,髁
骨,骿
骨,髂
骨,髃
骨,髇
骨,髊
骨,髆
骨,髎
骨,髐
骨,髒
骨,髕
骨,髖
骨,䱻
骨,髗
骨,蓇
骨,愲
骨,搰
冎,骨
冎,咼
困,梱
困,悃
困,閫
困,綑
困,裍
困,睏
困,稇
困,捆
座,蓙
坐,座
坐,挫
坐,髽
坐,銼
坐,莝
坐,痤
坐,矬
斉,済
斉,剤
斉,緕
斉,萕
朿,策
朿,刺
朿,棘
朿,棗
朿,敇
冊,柵
冊,珊
冊,刪
冊,跚
冊,笧
冊,粣
兹,磁
兹,慈
兹,滋
兹,孳
兹,鶿
兹,鷀
兹,鎡
兹,糍
兹,禌
若,諾
若,匿
若,惹
若,鰙
若,鍩
若,鄀
若,箬
若,蠚
若,睰
尌,樹
尌,廚
尌,澍
宗,崇
宗,踪
宗,綜
宗,棕
宗,淙
宗,粽
宗,騌
宗,鬃
宗,鯮
宗,鶎
宗,錝
宗,䝋
宗,賨
宗,萗
宗,琮
宗,悰
丩,収
丩,叫
丩,糾
丩,赳
丩,收
丩,鼼
丩,觓
丩,訆
丩,舏
丩,虯
乑,衆
乑,聚
就,蹴
就,鷲
就,蹵
就,憱
尤,就
尤,稽
尤,尨
尤,肬
尤,疣
尤,犹
尤,魷
尤,鑙
尤,訧
尤,蚘
従,縦
孰,熟
孰,塾
純,蒓
屯,純
屯,鈍
屯,頓
屯,沌
屯,瓲
屯,邨
屯,飩
屯,魨
屯,豘
屯,迍
屯,䣩
屯,芚
屯,盹
屯,窀
屯,忳
屯,扽
屯,旾
署,曙
署,薯
署,鱰
処,拠
処,處
諸,藷
諸,儲
除,篨
将,奨
将,蒋
将,醤
将,螀
寽,将
寽,埒
寽,鋝
寽,酹
寽,虢
寽,㽟
寽,捋
烝,蒸
推,蓷
垂,郵
垂,睡
垂,唾
垂,錘
垂,捶
垂,陲
垂,諈
垂,箠
垂,綞
垂,甀
垂,硾
聖,蟶
宣,萱
宣,喧
宣,愃
宣,暄
宣,諠
宣,鰚
宣,瑄
宣,揎
亘,宣
亘,恒
亘,垣
亘,桓
亘,姮
亘,䱎
亘,貆
亘,絙
亘,荁
亘,晅
染,蒅
氿,染
洗,箲
善,繕
善,膳
善,鱔
善,鄯
壮,装
壮,荘
奏,湊
奏,輳
喿,操
喿,繰
喿,燥
喿,噪
喿,懆
喿,躁
喿,澡
喿,譟
喿,髞
喿,鱢
喿,趮
喿,鄵
喿,璪
蔵,臓
尊,遵
尊,噂
尊,樽
尊,鱒
尊,蹲
尊,墫
尊,鐏
尊,罇
尊,竴
尊,撙
酋,尊
酋,猶
酋,楢
酋,猷
酋,奠
酋,鰌
酋,遒
酋,鞧
酋,輶
酋,緧
酋,蝤
存,拵
存,栫
存,荐
存,臶
宅,詫
宅,侘
宅,咤
宅,䖳
宅,㤞
宅,挓
乇,宅
乇,託
乇,托
乇,亳
乇,馲
乇,飥
乇,虴
乇,矺
乇,秅
爰,暖
爰,援
爰,緩
爰,媛
爰,湲
爰,煖
爰,鰀
爰,鶢
爰,鍰
爰,諼
爰,萲
爰,蝯
爰,瑗
段,鍛
段,椴
段,緞
段,葮
段,碫
忠,贒
著,躇
著,墸
著,鐯
展,輾
展,碾
展,蹍
展,搌
討,罸
唐,糖
唐,塘
唐,溏
唐,餹
唐,鎕
唐,鄌
唐,篖
唐,蓎
唐,螗
唐,瑭
唐,搪
孚,乳
孚,浮
孚,俘
孚,孵
孚,蜉
孚,桴
孚,艀
孚,郛
孚,殍
孚,䱐
孚,䴸
孚,馟
孚,酻
孚,粰
孚,罦
孚,莩
孚,稃
孚,捊
忍,認
忍,綛
忍,荵
忍,躵
凶,脳
凶,悩
凶,兇
凶,匈
凶,訩
凶,酗
凶,忷
背,褙
背,揹
班,㿀
否,痞
否,脴
奞,奮
奞,奪
坒,陛
坒,悂
並,普
並,椪
並,碰
並,掽
甫,補
甫,捕
甫,舗
甫,浦
甫,哺
甫,輔
甫,圃
甫,鋪
甫,匍
甫,黼
甫,脯
甫,餔
甫,逋
甫,埔
甫,鯆
甫,舖
甫,鬴
甫,䩉
甫,誧
甫,郙
甫,酺
甫,盙
甫,莆
甫,蜅
甫,痡
甫,悑
甫,旉
甫,晡
奉,棒
奉,俸
奉,捧
奉,䩬
奉,菶
奉,蜯
奉,琫
幕,冪
幕,羃
密,樒
密,蔤
宓,密
宓,蜜
宓,寗
憂,優
憂,擾
憂,鄾
憂,耰
憂,懮
幼,拗
幼,黝
幼,窈
幼,䱂
幼,鴢
幼,靿
幼,苭
幼,蚴
幼,袎
幼,眑
欲,慾
卵,孵
卵,贕
卪,卵
覧,䌫
律,葎
律,箻
威,鰄
威,縅
威,葳
威,蝛
戌,威
戌,歳
戌,咸
為,偽
為,鄬
維,羅
陰,蔭
陰,癊
侌,陰
戉,越
戉,鉞
戉,怴
垔,煙
垔,堙
垔,湮
垔,甄
垔,闉
垔,陻
垔,鄄
垔,禋
亐,汚
亐,虧
叚,暇
叚,蝦
叚,霞
叚,鰕
叚,瑕
叚,葭
叚,遐
叚,假
叚,鍜
叚,騢
叚,麚
叚,䪗
叚,豭
叚,猳
叚,赮
叚,䈔
叚,縀
叚,瘕
叚,碬
刈,苅
甘,紺
甘,某
甘,柑
甘,甜
甘,坩
甘,嵌
甘,拑
甘,蚶
甘,鉗
甘,酣
甘,邯
甘,疳
甘,篏
甘,甞
甘,黚
甘,苷
甘,玵
甘,甛
監,鑑
監,濫
監,艦
監,藍
監,檻
監,籃
監,襤
監,儖
監,繿
監,䰐
監,轞
監,礛
監,懢
監,㩜
乞,乾
乞,吃
乞,迄
乞,屹
乞,訖
乞,齕
乞,亁
乞,麧
乞,趷
乞,籺
乞,紇
乞,疙
乞,矻
乞,忔
乞,扢
睘,環
睘,還
睘,圜
睘,寰
睘,鬟
睘,鐶
睘,鱞
睘,䴉
睘,䴋
睘,闤
睘,譞
睘,轘
睘,糫
睘,繯
睘,翾
睘,蠉
睘,懁
睘,擐
含,頷
含,莟
含,鋡
含,谽
含,琀
含,晗
鬼,塊
鬼,魂
鬼,魔
鬼,魅
鬼,醜
鬼,魁
鬼,蒐
鬼,傀
鬼,嵬
鬼,愧
鬼,魃
鬼,魘
鬼,魑
鬼,魍
鬼,魎
鬼,魏
鬼,魄
鬼,槐
鬼,瑰
鬼,隗
鬼,餽
鬼,鬽
鬼,鬾
鬼,鬿
鬼,䰟
鬼,䰠
鬼,魈
鬼,魌
鬼,魋
鬼,魊
鬼,䰥
鬼,魕
鬼,魖
鬼,魗
鬼,聭
鬼,瘣
鬼,磈
鬼,媿
虚,戯
虚,嘘
却,脚
巨,距
巨,拒
巨,矩
巨,鉅
巨,炬
巨,苣
巨,秬
巨,駏
巨,鮔
巨,詎
巨,粔
巨,耟
巨,蚷
巨,怇
御,禦
御,篽
卸,御
卸,啣
巩,恐
巩,筑
巩,蛩
巩,跫
巩,鞏
巩,銎
巩,䂬
巩,㧬
夹,狭
夹,峡
夹,挟
夹,頬
夹,侠
夹,荚
狂,誑
狂,鵟
狂,逛
卬,仰
卬,迎
卬,抑
卬,昂
屈,掘
屈,堀
屈,窟
屈,倔
屈,崛
屈,鶌
屈,誳
頃,傾
頃,蹞
恵,穂
軗,撃
軗,繋
肩,鵳
肩,猏
肩,掮
堅,樫
堅,鰹
堅,慳
堅,鏗
臤,堅
臤,緊
臤,賢
臤,腎
臤,竪
臤,豎
臤,鋻
臤,菣
臤,掔
臤,孯
遣,鑓
遣,譴
遣,繾
兼,廉
兼,嫌
兼,謙
兼,鎌
兼,慊
兼,歉
兼,蒹
兼,賺
兼,鼸
兼,鬑
兼,鰜
兼,鶼
兼,鹻
兼,馦
兼,豏
兼,縑
兼,磏
兼,稴
夸,誇
夸,袴
夸,跨
夸,刳
夸,匏
夸,胯
夸,瓠
夸,桍
夸,骻
夸,鮬
夸,銙
夸,絝
夸,荂
夸,恗
鼓,鼕
鼓,瞽
鼓,鼗
鼓,鼖
鼓,鼛
鼓,鼚
鼓,鼙
鼓,鼟
鼓,䶀
鼓,鼞
互,冱
互,沍
彑,互
彑,彙
彑,彝
彑,彜
彑,彖
荒,慌
荒,謊
巟,荒
巟,䀮
香,馨
香,馥
香,麘
香,馛
香,馝
香,馟
香,馞
香,馣
香,馦
豪,壕
豪,濠
豪,譹
豪,蠔
昏,婚
昏,棔
昏,閽
昏,緍
昏,痻
昏,睧
昏,惛
此,雌
此,紫
此,些
此,柴
此,砦
此,髭
此,呰
此,眥
此,眦
此,疵
此,貲
此,觜
此,骴
此,頾
此,鮆
此,鴜
此,䳄
此,訾
此,訿
此,跐
此,紪
此,胔
此,茈
此,䖪
此,玼
此,㧗
刺,莿
執,摯
執,鷙
執,蟄
執,贄
執,騺
執,縶
執,蓻
執,褺
執,慹
之,芝
之,乏
叔,寂
叔,淑
叔,督
叔,俶
叔,椒
叔,菽
叔,䱙
叔,諔
叔,踧
叔,惄
需,儒
需,嬬
需,濡
需,孺
需,懦
需,蠕
需,臑
需,轜
需,繻
需,襦
需,糯
需,顬
需,醹
需,穤
需,薷
需,瓀
需,擩
而,需
而,耐
而,粫
而,輀
而,斋
而,髵
而,鮞
而,鴯
而,糥
而,耍
而,耏
而,耎
而,耑
而,䎡
而,聏
而,恧
秀,透
秀,誘
秀,銹
秀,綉
秀,莠
秀,頺
秀,蜏
秀,琇
乃,秀
乃,仍
乃,孕
乃,朶
乃,鼐
乃,隽
乃,辸
乃,艿
乃,疓
乃,盁
乃,礽
乃,扔
龍,襲
龍,籠
龍,寵
龍,聾
龍,壟
龍,龕
龍,朧
龍,瓏
龍,隴
龍,蘢
龍,瀧
龍,龒
龍,龏
龍,龐
龍,龎
龍,龑
龍,龔
龍,龖
龍,龗
龍,䪊
龍,鑨
龍,靇
龍,讋
龍,豅
龍,躘
龍,蠪
龍,礱
龍,礲
龍,竉
龍,攏
柔,揉
柔,蹂
柔,鞣
柔,糅
柔,鰇
柔,鍒
柔,輮
柔,葇
畄,獣
舜,瞬
舜,蕣
舜,橓
旬,殉
旬,絢
旬,筍
旬,徇
旬,恂
旬,洵
旬,詢
旬,荀
旬,迿
旬,郇
旬,珣
旬,眴
盾,循
盾,遁
盾,楯
盾,輴
盾,瞂
尓,称
尓,弥
尓,祢
尓,迩
尓,珎
尓,袮
尓,鉨
尓,趂
尓,玺
冝,畳
冝,疂
冝,疊
冝,舋
冝,叠
冝,曡
丈,杖
丈,仗
浸,蓡
浸,䆮
侵,葠
侵,蘉
尽,侭
尋,潯
尋,蕁
尋,鱘
尋,鄩
尋,蟳
尋,撏
扇,煽
扇,謆
扇,搧
鮮,癬
鮮,蘚
斥,訴
斥,拆
斥,柝
斥,泝
斥,跅
斥,蚸
替,潜
替,僣
替,譛
替,鐟
蜀,濁
蜀,燭
蜀,躅
蜀,髑
蜀,屬
蜀,獨
蜀,觸
蜀,鸀
蜀,韣
蜀,鐲
蜀,薥
蜀,蠋
蜀,蠲
蜀,襡
蜀,擉
蜀,斣
丹,栴
丹,旃
丹,雘
耑,端
耑,瑞
耑,喘
耑,惴
耑,揣
耑,湍
耑,猯
耑,顓
耑,鍴
耑,貒
耑,踹
耑,輲
耑,遄
耑,篅
耑,褍
致,緻
致,㨖
畜,蓄
畜,鄐
畜,稸
畜,慉
畜,搐
徴,懲
㐱,珍
㐱,診
㐱,疹
㐱,軫
㐱,袗
㐱,殄
㐱,畛
㐱,趁
㐱,參
㐱,跈
㐱,紾
㐱,翏
㐱,聄
㐱,眕
㐱,抮
㐱,昣
沈,霃
冘,沈
冘,枕
冘,耽
冘,忱
冘,鴆
冘,酖
冘,眈
冘,黆
冘,黕
冘,髧
冘,魫
冘,䪴
冘,訦
冘,邥
冘,醓
冘,紞
冘,躭
冘,抌
忝,添
忝,舔
忝,菾
忝,掭
殿,澱
殿,臀
殿,癜
肀,唐
肀,粛
肀,聿
肀,肅
肀,賮
荅,塔
荅,搭
荅,剳
荅,鞳
荅,瘩
到,倒
到,椡
沓,踏
沓,鞜
沓,錔
沓,誻
沓,㧺
突,葖
突,揬
曇,壜
曇,罎
弍,弐
泊,箔
薄,鑮
薄,礴
溥,薄
溥,簿
髟,髪
髟,髭
髟,髢
髟,髦
髟,髣
髟,髫
髟,髯
髟,髴
髟,髱
髟,髻
髟,髷
髟,鬆
髟,鬘
髟,鬚
髟,鬟
髟,鬣
髟,鬢
髟,髮
髟,髥
髟,髡
髟,髠
髟,髨
髟,䯰
髟,髧
髟,髬
髟,髲
髟,髳
髟,髺
髟,髹
髟,髤
髟,髵
髟,髽
髟,髿
髟,髾
髟,髼
髟,鬔
髟,鬁
髟,鬈
髟,鬄
髟,鬃
髟,鬅
髟,䰀
髟,鬍
髟,鬋
髟,鬉
髟,鬌
髟,鬎
髟,鬐
髟,鬒
髟,鬑
髟,鬖
髟,鬜
髟,鬙
髟,鬠
髟,髩
髟,鬂
髟,䰒
髟,䰐
髟,鬛
髟,鬤
䚯,罰
繁,蘩
敏,繁
敏,繁
敏,鰵
敏,慜
般,搬
般,盤
般,磐
般,槃
般,瘢
般,鞶
般,縏
般,螌
辟,避
辟,壁
辟,癖
辟,璧
辟,僻
辟,劈
辟,嬖
辟,擘
辟,闢
辟,霹
辟,檗
辟,躄
辟,臂
辟,甓
辟,譬
辟,襞
辟,薜
辟,躃
辟,鷿
辟,鸊
辟,鐴
辟,隦
辟,礔
辟,擗
尾,梶
尾,艉
尾,䅏
微,薇
苗,描
苗,猫
苗,錨
苗,鶓
苗,貓
苗,緢
苗,瞄
虍,膚
虍,慮
虍,虐
虍,虚
虍,虞
虍,虜
虍,虎
虍,盧
虍,虔
虍,處
虍,虜
虍,虛
虍,鬳
虍,豦
虍,虗
虍,虖
虍,虘
虍,虙
虍,䖒
敷,懯
旉,敷
普,譜
普,鐠
舛,舞
舛,舜
舛,桝
舛,桀
舛,荈
舛,曻
賁,噴
賁,墳
賁,憤
賁,濆
賁,䩿
賁,鱝
賁,䴅
賁,黂
賁,饙
賁,豶
賁,轒
賁,羵
賁,蕡
賁,蟦
捕,蒱
夆,峰
夆,蜂
夆,峯
夆,逢
夆,鋒
夆,烽
夆,髼
夆,韸
夆,捀
抱,菢
冒,帽
冒,瑁
冒,勖
冒,賵
冒,艒
冒,蝐
旁,傍
旁,榜
旁,膀
旁,滂
旁,磅
旁,謗
旁,蒡
旁,鰟
旁,鎊
旁,篣
旁,螃
旁,搒
凡,帆
凡,汎
凡,梵
凡,贏
凡,骪
凡,釩
凡,軓
凡,芃
盆,葐
曼,漫
曼,慢
曼,蔓
曼,鰻
曼,幔
曼,鬘
曼,鏝
曼,縵
曼,謾
曼,饅
曼,鄤
茂,蒧
罔,網
罔,惘
罔,魍
罔,誷
罔,輞
罔,菵
罔,蝄
孟,猛
孟,錳
孟,艋
孟,蜢
厷,雄
厷,宏
厷,紘
厷,肱
厷,鈜
厷,閎
厷,谹
厷,郄
厷,翃
厷,耾
厷,竑
厷,恡
雷,擂
雷,蕾
雷,鱩
雷,鐳
雷,礌
頼,瀬
䦨,欄
䦨,蘭
離,籬
離,蘺
離,䙰
離,攡
离,離
离,璃
离,禽
离,黐
离,魑
离,漓
离,醨
离,縭
离,螭
离,褵
离,摛
慮,濾
慮,鑢
慮,藘
慮,攄
思,慮
思,偲
思,鰓
思,腮
思,顋
思,颸
思,鍶
思,䚡
思,諰
思,緦
思,罳
思,葸
思,愢
思,揌
尞,療
尞,寮
尞,僚
尞,瞭
尞,遼
尞,撩
尞,鷯
尞,潦
尞,鐐
尞,繚
尞,燎
尞,暸
尞,飉
尞,轑
尞,蟟
尞,璙
尞,憭
粦,隣
粦,燐
粦,鱗
粦,麟
粦,憐
粦,鄰
粦,驎
粦,鏻
粦,蹸
粦,轔
粦,遴
粦,粼
粦,璘
粦,疄
粦,瞵
粦,磷
粦,撛
粦,斴
戻,涙
戻,唳
戻,捩
戻,綟
麗,儷
麗,灑
麗,驪
麗,鱺
麗,鸝
麗,䚕
麗,躧
麗,邐
麗,酈
麗,釃
麗,籭
麗,纚
麗,攦
鹿,麗
鹿,麓
鹿,麒
鹿,塵
鹿,麟
鹿,漉
鹿,轆
鹿,麈
鹿,麋
鹿,麁
鹿,麌
鹿,麕
鹿,麑
鹿,麝
鹿,鏖
鹿,麤
鹿,麇
鹿,麂
鹿,麀
鹿,䴠
鹿,麃
鹿,麅
鹿,麆
鹿,麎
鹿,麐
鹿,麏
鹿,麖
鹿,麠
鹿,麚
鹿,麙
鹿,麘
鹿,麛
鹿,麞
鹿,麢
鹿,麄
鹿,鄜
鹿,簏
鹿,䍡
鹿,摝
劣,挘
露,虂
郎,廊
宛,腕
宛,椀
宛,碗
宛,婉
宛,蜿
宛,鋺
宛,豌
宛,黦
宛,鵷
宛,踠
宛,菀
宛,琬
宛,畹
宛,惋
宛,捥
宛,晼
哀,鎄
尉,慰
尉,蔚
尉,熨
尉,䲁
尉,霨
尉,罻
尉,螱
尉,褽
妟,宴
乙,乞
乙,乴
乙,鳦
乙,釔
乙,穵
乙,戹
華,嘩
華,樺
華,曄
華,譁
華,驊
華,鞾
華,韡
華,鏵
華,皣
華,瞱
既,概
既,慨
既,穊
鬲,隔
鬲,融
鬲,膈
鬲,鬻
鬲,䰛
鬲,鬳
鬲,鬴
鬲,鬵
鬲,鬷
鬲,鬹
鬲,鬺
鬲,鷊
鬲,鎘
鬲,翮
鬲,䰝
鬲,搹
郭,廓
郭,槨
郭,鞹
郭,霩
郭,㨯
享,郭
享,醇
享,惇
享,淳
享,敦
享,孰
享,鶉
享,椁
享,諄
享,鞟
享,錞
享,綧
享,稕
挂,掛
勘,磡
甚,勘
甚,堪
甚,湛
甚,尠
甚,戡
甚,斟
甚,椹
甚,碪
甚,糂
甚,鍖
甚,黮
甚,諶
甚,踸
甚,葚
甚,蘛
甚,愖
甚,揕
毌,貫
毌,虜
丅,敢
丅,鬲
冠,蒄
㝴,冠
奐,換
奐,喚
奐,渙
奐,煥
奐,瑍
奐,瘓
奐,愌
忌,鵋
忌,誋
忌,跽
旡,既
旡,旤
旡,㤅
旡,旣
旡,既
匊,菊
匊,掬
匊,鞠
匊,麹
匊,椈
匊,麴
匊,䱡
匊,諊
匊,踘
匊,粷
契,喫
契,楔
契,禊
契,鍥
契,䝟
契,葜
契,瘈
契,碶
契,稧
契,窫
契,揳
虐,謔
虐,瘧
脅,愶
脅,搚
禺,愚
禺,偶
禺,遇
禺,隅
禺,寓
禺,嵎
禺,萬
禺,齵
禺,髃
禺,鰅
禺,顒
禺,耦
禺,禑
禺,㥥
隽,携
隽,鎸
匂,掲
匂,謁
匂,喝
匂,渇
匂,褐
㓞,契
㓞,挈
㓞,齧
㓞,絜
㓞,恝
賢,礥
雇,顧
雇,僱
瓜,弧
瓜,孤
瓜,狐
瓜,瓢
瓜,呱
瓜,瓠
瓜,瓣
瓜,觚
瓜,柧
瓜,軱
瓜,笟
瓜,罛
瓜,苽
瓜,瓝
瓜,瓞
瓜,瓟
瓜,瓤
瓜,窊
孤,菰
孤,箛
孔,吼
孔,芤
克,兢
克,剋
克,尅
獄,嶽
獄,鸑
貇,墾
貇,懇
崔,催
崔,摧
崔,鏙
崔,巂
崔,繀
崔,璀
崔,皠
崔,磪
削,箾
削,揱
窄,搾
窄,醡
斬,暫
斬,漸
斬,塹
斬,嶄
斬,慙
斬,慚
斬,槧
斬,鏨
斬,鏩
斬,蹔
斬,蔪
斬,磛
施,葹
施,䗐
施,揓
㐌,施
㐌,駞
㐌,鉇
㐌,陁
㐌,迤
㐌,絁
㐌,䑨
㐌,袘
㐌,拖
咨,諮
咨,趦
咨,䠖
显,湿
显,顕
疾,嫉
疾,蒺
赦,螫
邪,捓
邪,鋣
邪,琊
寿,鋳
寿,梼
寿,涛
寿,祷
寿,畴
寿,陦
寿,踌
寿,筹
丰,寿
丰,邦
丰,彗
丰,蚌
丰,豐
丰,䰷
閏,潤
閏,瞤
如,恕
如,絮
如,茹
如,洳
如,鴽
如,銣
如,筎
如,袽
如,挐
晶,橸
晶,曡
晶,曐
昍,晶
掌,撑
焦,礁
焦,樵
焦,蕉
焦,憔
焦,鷦
焦,顦
焦,鐎
焦,譙
焦,趭
焦,醮
焦,蟭
焦,癄
焦,瞧
焦,穛
焦,撨
昇,髜
升,昇
升,枡
升,陞
升,阩
升,抍
㐮,譲
㐮,嬢
㐮,壌
㐮,醸
㐮,穣
辱,耨
辱,溽
辱,縟
辱,褥
辱,蓐
辱,鎒
辱,鄏
辱,槈
審,瀋
審,讅
伸,敒
卆,粋
卆,酔
卆,砕
卆,枠
卆,翆
卆,伜
卆,忰
卆,紣
卆,疩
遂,燧
遂,隧
遂,邃
遂,鐩
遂,繸
遂,襚
遂,璲
遂,穟
遂,旞
衰,蓑
衰,榱
衰,簑
衰,縗
迶,随
迶,髄
胥,婿
胥,壻
胥,諝
胥,醑
胥,糈
胥,蝑
胥,稰
隻,篗
隻,蒦
隻,愯
耤,籍
耤,藉
措,簎
楚,礎
楚,齼
楚,憷
双,蛧
桑,顙
桑,磉
叒,桑
叒,叠
葬,髒
曹,遭
曹,槽
曹,漕
曹,糟
曹,艚
曹,鰽
曹,螬
戎,賊
戎,絨
戎,羢
戎,茙
逮,靆
怠,䈚
竜,滝
竜,篭
竜,槞
卓,悼
卓,倬
卓,啅
卓,掉
卓,棹
卓,綽
卓,罩
卓,鵫
卓,趠
卓,踔
卓,逴
卓,䈇
卓,竨
卓,㦸
卓,晫
亶,壇
亶,檀
亶,擅
亶,氈
亶,羶
亶,顫
亶,鱣
亶,鸇
亶,饘
亶,邅
亶,繵
亶,蟺
亶,襢
亶,璮
亶,皽
亶,旜
窒,膣
窒,螲
彫,簓
聴,廰
陳,蔯
帝,締
帝,諦
帝,蹄
帝,啻
帝,啼
帝,蒂
帝,楴
帝,䱱
帝,鶙
帝,鍗
帝,碲
帝,禘
帝,揥
涂,塗
匋,陶
匋,淘
匋,萄
匋,掏
匋,綯
匋,騊
匋,蜪
匋,祹
匿,慝
匿,䘌
豚,遯
婆,蔢
伐,閥
伐,筏
伐,栰
伐,茷
伐,薎
潘,藩
潘,籓
卑,碑
卑,牌
卑,稗
卑,俾
卑,婢
卑,鵯
卑,脾
卑,髀
卑,裨
卑,顰
卑,睥
卑,痺
卑,鼙
卑,鞞
卑,錍
卑,陴
卑,郫
卑,箄
卑,粺
卑,萆
卑,蜱
卑,捭
甶,卑
漂,薸
封,幇
封,幫
封,篈
封,葑
伏,袱
伏,茯
伏,鮲
伏,絥
㣺,慕
㣺,恭
㣺,忝
㣺,隳
㣺,㤗
崩,繃
朋,崩
朋,棚
朋,萠
朋,鵬
朋,堋
朋,弸
朋,硼
朋,鬅
朋,輣
朋,綳
朋,掤
芳,錺
芳,餝
胞,褜
逢,縫
逢,蓬
逢,篷
逢,鬔
逢,鏠
逢,蠭
逢,䗬
逢,摓
邦,綁
乏,泛
乏,貶
乏,覂
乏,疺
乏,眨
乏,砭
乏,窆
某,謀
某,媒
某,楳
某,煤
某,禖
彭,膨
彭,澎
彭,蟛
彭,蟚
麻,魔
麻,摩
麻,磨
麻,麿
麻,嘛
麻,麼
麻,麾
麻,縻
麻,糜
麻,靡
麻,蔴
麻,麽
麻,黂
麻,穈
烕,滅
烕,搣
㥑,憂
雍,擁
雍,壅
雍,甕
雍,饔
雍,罋
雍,蕹
雍,癕
隆,窿
隆,嶐
隆,霳
隆,蕯
隆,癃
㚅,隆
㚅,隆
了,凾
了,亨
了,䑠
了,釕
鼡,猟
鼡,蝋
陵,䔖
夌,陵
夌,凌
夌,稜
夌,綾
夌,菱
夌,崚
夌,鯪
夌,錂
夌,輘
夌,睖
夌,碐
夌,祾
夌,㥄
夌,掕
厘,糎
厘,甅
厘,釐
厘,竰
零,澪
零,䴇
零,䙥
亚,霊
亚,晋
厉,励
厉,砺
厉,蛎
廉,簾
廉,濂
廉,鐮
廉,蠊
屚,漏
屚,瘺
浪,蒗
弯,湾
謁,靄
謁,藹
翁,鶲
翁,蓊
翁,䱵
翁,螉
拐,箉
叧,拐
叧,枴
厓,涯
厓,崖
厓,崕
厓,啀
厓,睚
厓,捱
殻,慤
赫,嚇
舄,潟
舄,冩
舄,寫
舄,磶
括,葀
患,贃
患,䍺
串,患
缶,鬱
缶,罎
缶,缸
缶,罅
缶,罌
缶,罍
缶,缺
缶,罐
缶,缽
缶,䍃
缶,缿
缶,缾
缶,罃
缶,罄
缶,罇
缶,罈
缶,罋
缶,罏
缶,缻
缶,䀇
缶,窑
款,䕀
款,窾
閑,嫻
閑,鷴
莧,寛
莧,萈
宜,誼
宜,萓
宜,竩
窮,藭
躬,窮
囷,菌
囷,箘
囷,麕
囷,稛
玨,琴
玨,琶
玨,琵
玨,瑟
玨,珡
玨,琹
董,薫
董,懂
桀,傑
桀,磔
桀,椉
桀,謋
桀,搩
縣,懸
縣,纛
繭,襺
肯,掯
洪,篊
洪,葓
江,茳
貢,槓
貢,熕
貢,贛
貢,贑
貢,䔈
貢,碽
貢,摃
衡,蘅
侯,喉
侯,篌
侯,猴
侯,鯸
侯,餱
侯,鍭
侯,糇
侯,緱
侯,瘊
侯,睺
宰,縡
宰,滓
齐,斎
齐,斉
索,鎍
仌,傘
仌,俎
仌,蕐
仌,睂
卄,嗣
卄,甚
卄,其
卄,尭
卄,侖
卄,扁
卄,龠
卄,賁
爾,璽
爾,禰
爾,濔
爾,邇
爾,彌
爾,鸍
爾,鑈
爾,覼
爾,籋
爾,蠒
爾,薾
爾,壐
爾,穪
桼,漆
桼,膝
庶,遮
庶,鷓
庶,蹠
庶,蔗
庶,䗪
庶,摭
它,蛇
它,柁
它,舵
它,詑
它,陀
它,佗
它,鴕
它,沱
它,駝
它,鉈
它,鼧
它,鮀
它,跎
它,迱
它,酡
它,紽
它,砣
它,拕
爵,嚼
爵,釂
爵,皭
爵,䂃
爵,穱
囚,媼
囚,慍
囚,鰮
囚,膃
囚,泅
囚,褞
囚,瘟
囚,饂
囚,榲
囚,溫
囚,韞
囚,轀
囚,醞
囚,縕
囚,蒕
囚,搵
允,充
允,吮
允,鈗
粛,繍
粛,簘
粛,䔥
尗,叔
尗,戚
尗,鮛
尗,茮
俊,葰
准,凖
尚,敞
尚,淌
尚,鋿
尚,趟
尚,躺
尚,䣊
尚,惝
庄,粧
庄,賍
电,縄
电,亀
电,奄
电,竃
电,蝿
津,葏
刃,忍
刃,靭
刃,仞
刃,劒
刃,丒
刃,䵑
刃,韌
刃,釰
刃,訒
刃,軔
刃,紉
刃,㣼
迅,䭀
卂,迅
卂,訊
卂,蝨
卂,煢
卂,羸
卂,驘
卂,籸
卂,蠃
亩,畝
亩,畆
亩,畒
析,晰
析,蜥
析,淅
析,皙
析,晳
析,菥
薦,韉
廌,薦
旋,鏇
旋,璇
旋,䁢
遷,韆
遷,躚
䙴,遷
䙴,僊
䙴,蹮
漸,聻
租,蒩
朔,塑
朔,遡
朔,溯
朔,愬
朔,槊
朔,蒴
朔,搠
澡,藻
霜,孀
霜,驦
霜,礵
妥,綏
妥,餒
妥,鮾
妥,鞖
妥,荽
妥,挼
陏,堕
逐,鱁
逐,篴
釣,瘹
勅,鶒
冢,塚
貞,偵
貞,禎
貞,幀
貞,遉
貞,碵
貞,禎
貞,赬
貞,鍞
貞,揁
乕,逓
尼,泥
尼,怩
尼,昵
尼,眤
尼,鈮
尼,䛏
尼,苨
尼,蚭
尼,痆
尼,抳
尼,旎
駦,騰
誊,謄
寧,嚀
寧,檸
寧,濘
寧,獰
寧,聹
寧,鸋
寧,薴
寧,矃
寧,懧
寧,擰
寍,寧
把,筢
䩗,覇
䩗,霸
煩,薠
罷,擺
罷,羆
罷,䎱
罷,襬
賓,嬪
賓,擯
賓,檳
賓,鬢
賓,繽
賓,殯
賓,濱
賓,髕
賓,臏
賓,鑌
賓,薲
賓,蠙
賓,璸
賓,矉
并,瓶
并,併
并,餅
并,剏
并,屏
并,胼
并,駢
并,絣
并,迸
并,垪
并,鮩
并,䴵
并,頩
并,鉼
并,賆
并,跰
并,軿
并,郱
并,缾
并,聠
并,皏
并,硑
并,恲
并,㤣
并,拼
瓦,瓶
瓦,甑
瓦,瓧
瓦,瓩
瓦,瓰
瓦,瓲
瓦,瓮
瓦,瓱
瓦,瓷
瓦,瓸
瓦,甄
瓦,甅
瓦,甃
瓦,甌
瓦,甎
瓦,甕
瓦,甓
瓦,甍
瓦,䰛
瓦,㽁
瓦,甖
瓦,甇
瓦,瓨
瓦,㼚
瓦,瓪
瓦,瓫
瓦,瓴
瓦,缻
瓦,甆
瓦,甁
瓦,瓻
瓦,瓺
瓦,瓼
瓦,甀
瓦,瓽
瓦,瓿
瓦,甂
瓦,瓯
瓦,甋
瓦,甊
瓦,甒
瓦,甔
瓦,甗
瓦,㼜
瓦,砙
瓦,旊
瓦,瓬
敝,幣
敝,弊
敝,蔽
敝,瞥
敝,斃
敝,鼈
敝,暼
敝,龞
敝,鱉
敝,鷩
敝,蹩
敝,䠥
敝,襒
敝,憋
敝,撇
屏,塀
屏,摒
浦,蒲
泡,萢
僕,濮
菐,僕
菐,撲
菐,樸
菐,蹼
菐,璞
菐,鏷
菐,轐
菐,醭
菐,襆
菐,穙
奔,餴
奔,逩
奔,莾
卉,奔
卉,鼖
摩,藦
摩,擵
磨,耱
磨,蘑
妄,侫
厄,扼
厄,軛
厄,阨
愈,癒
唯,鷕
攸,悠
攸,筱
攸,䱔
攸,莜
猶,蕕
羔,窯
羔,羹
羔,羮
羔,餻
羔,糕
庸,傭
庸,慵
庸,鱅
庸,鏞
庸,鄘
庸,䗤
羅,鑼
羅,蘿
羅,邏
羅,饠
羅,籮
羅,攞
卯,柳
卯,昴
卯,聊
卯,茆
卯,鉚
卯,駠
卯,鶹
卯,鎦
卯,珋
卯,窌
虜,艣
虜,擄
累,螺
累,騾
累,縲
累,瘰
累,鏍
累,蔂
累,摞
矣,挨
矣,俟
矣,埃
矣,欸
矣,竢
矣,騃
矣,誒
矣,逘
矣,䀵
夗,宛
夗,怨
夗,苑
夗,鴛
夗,盌
夗,䖤
夗,眢
畏,隈
畏,猥
畏,餵
畏,碨
淫,霪
㸒,淫
㸒,婬
鬯,鬱
艶,灔
奄,俺
奄,庵
奄,掩
奄,閹
奄,淹
奄,菴
奄,罨
奄,黤
奄,鵪
奄,馣
奄,剦
奄,醃
奄,奙
奄,晻
苛,渮
蓋,礚
盍,蓋
盍,闔
盍,溘
盍,灎
盍,鰪
盍,饁
盍,醘
盍,豔
盍,瞌
盍,磕
盍,搕
咢,顎
咢,鍔
咢,鰐
咢,愕
咢,齶
咢,鶚
咢,諤
咢,鄂
咢,萼
咢,遌
葛,臈
葛,轕
葛,䗶
曷,葛
曷,偈
曷,蝎
曷,歇
曷,碣
曷,鞨
曷,羯
曷,遏
曷,竭
曷,謁
曷,揭
曷,渴
曷,齃
曷,鶡
曷,餲
曷,輵
曷,﨟
曷,褐
曷,愒
亀,穐
亀,䰗
亀,䦰
亀,䆴
毀,燬
毀,譭
臼,毀
臼,鼠
臼,叟
臼,鑿
臼,臾
臼,舁
臼,舂
臼,舅
臼,兒
臼,舊
臼,䳎
臼,隉
臼,糳
臼,臽
臼,臿
臼,舀
臼,舃
臼,舄
臼,裒
臼,揷
臼,揑
臭,嗅
臭,齅
臭,糗
堇,僅
堇,槿
堇,瑾
堇,饉
堇,覲
堇,勤
堇,謹
堇,鄞
堇,蓳
堇,慬
堇,斳
虎,彪
虎,鯱
虎,琥
虎,號
虎,覤
虎,諕
虎,箎
虎,虝
虎,虓
虎,虒
虎,虠
虎,虢
虎,虤
虎,虣
虎,虩
勾,鈎
勾,抅
敖,傲
敖,嗷
敖,鼇
敖,螯
敖,熬
敖,贅
敖,遨
敖,鰲
敖,驁
敖,䮯
敖,鷔
敖,鏊
敖,隞
敖,謷
敖,謸
敖,聱
敖,蔜
敖,璈
敖,磝
敖,慠
沙,裟
沙,娑
沙,鯊
沙,莎
沙,髿
沙,鯋
沙,痧
沙,挲
沙,挱
塞,簺
恣,懿
羞,鱃
羞,饈
丑,羞
丑,紐
丑,忸
丑,鈕
丑,狃
丑,衄
丑,䶊
丑,扭
尻,髛
須,鬚
須,頾
須,盨
脊,鶺
脊,蹐
脊,瘠
戚,槭
戚,蹙
戚,顣
戚,鏚
戚,䠞
戚,縬
戚,磩
戚,慼
戚,慽
㳄,羨
㳄,盜
戔,箋
戔,賤
戔,綫
戔,牋
戔,餞
戔,盞
戔,殘
戔,錢
戔,淺
戔,踐
戔,棧
戔,諓
戔,輚
戔,醆
戔,䙁
戔,琖
戔,碊
爽,騻
爽,鷞
㸚,爽
㸚,爾
戴,襶
爪,抓
爪,爬
爪,笊
爪,釽
爪,爴
者,賭
者,箸
者,堵
者,偖
者,奢
者,屠
者,闍
者,楮
者,赭
者,睹
者,覩
者,豬
者,猪
者,諸
者,都
者,暑
者,渚
者,煮
者,署
者,著
者,緖
者,鍺
者,陼
者,翥
者,䬡
者,褚
者,瘏
滕,藤
滕,籐
頓,噸
那,娜
那,梛
那,挪
奈,捺
氾,笵
氾,范
斑,癍
眉,媚
眉,嵋
眉,鶥
眉,鎇
眉,郿
阜,埠
阜,顊
阜,䘀
蔑,襪
蔑,韈
蔑,鱴
蔑,韤
蔑,蠛
蔑,衊
蔑,䁾
蔑,懱
戍,蔑
戍,銊
戍,篾
戍,荗
貌,藐
豸,貌
豸,豹
豸,豺
豸,貂
豸,貊
豸,貉
豸,貎
豸,貘
豸,貅
豸,貍
豸,貔
豸,豼
豸,䫉
豸,䝠
豸,豻
豸,貋
豸,豾
豸,貈
豸,貆
豸,䝗
豸,貇
豸,貃
豸,貒
豸,貓
豸,貐
豸,䝟
豸,貙
豸,貛
皃,貌
勃,渤
勃,葧
勃,愂
孛,勃
孛,悖
孛,鵓
孛,餑
孛,馞
孛,鋍
孛,誖
孛,綍
孛,荸
孛,挬
孛,㪍
枕,萙
蜜,櫁
冥,幎
冥,暝
冥,螟
冥,溟
冥,瞑
冥,榠
冥,鄍
冥,蓂
昗,冥
沃,鋈
栗,慄
栗,篥
栗,瑮
弄,哢
弄,筭
貿,鄮
洼,窪
阿,婀
阿,痾
阿,錒
杏,莕
伊,蛜
夷,姨
夷,洟
夷,銕
夷,痍
夷,鮧
夷,鴺
夷,荑
夷,蛦
惟,罹
粥,鬻
益,溢
益,鷁
益,鎰
益,縊
益,謚
益,隘
益,艗
益,螠
益,蠲
益,搤
嬰,鸚
嬰,嚶
嬰,瓔
嬰,纓
嬰,櫻
嬰,蘡
嬰,癭
嬰,攖
烏,嗚
烏,塢
烏,鰞
烏,鎢
烏,隖
烏,鄔
烏,螐
烏,瑦
慧,譿
彗,慧
彗,䵻
彗,䨮
彗,轊
彗,篲
彗,蔧
睿,叡
睿,濬
睿,璿
賏,嬰
賏,罌
賏,贔
賏,鸎
賏,甖
曳,洩
曳,絏
曳,曵
曳,拽
盈,楹
夃,盈
厭,黶
厭,魘
厭,靨
厭,壓
厭,饜
厭,懕
厭,懨
厭,擪
厭,擫
猒,厭
猒,㦔
猒,㩎
匽,堰
匽,偃
匽,鼴
匽,鰋
匽,躽
匽,郾
匽,蝘
匽,揠
爿,淵
爿,妝
爿,寐
爿,寤
爿,牀
爿,牆
爿,壯
爿,寢
爿,將
爿,肅
爿,狀
爿,窹
爿,戕
爿,斨
燕,嚥
燕,臙
燕,讌
燕,䴏
燕,醼
於,唹
於,鯲
於,閼
於,淤
於,菸
於,瘀
仒,於
仒,扵
奧,襖
奧,懊
奧,澳
奧,燠
奧,礇
奧,墺
奧,䴈
奧,隩
奧,薁
邑,悒
邑,扈
邑,䱒
邑,邕
邑,郌
邑,郒
邑,郶
邑,裛
邑,挹
𤇾,鶯
𤇾,瑩
𤇾,犖
𤇾,煢
𤇾,勞
𤇾,螢
𤇾,榮
𤇾,營
𤇾,鎣
𤇾,謍
𤇾,䝁
𤇾,縈
𤇾,罃
𤇾,甇
𤇾,䃕
𤇾,禜
䧹,鷹
䧹,膺
䧹,應
䧹,譍
卦,罫
豈,凱
豈,鎧
豈,剴
豈,磑
豈,覬
豈,皚
豈,榿
豈,顗
豈,颽
豈,闓
豈,隑
豈,螘
豈,愷
會,檜
會,鱠
會,膾
會,獪
會,薈
會,繪
會,鬠
會,鄶
會,糩
會,襘
會,璯
會,禬
會,懀
會,旝
既,漑
既,厩
既,慨
畫,劃
畫,繣
覺,攪
侃,諐
函,涵
函,顄
函,菡
叹,凾
叹,亟
姦,葌
奻,姦
雚,灌
雚,鑵
雚,懽
雚,鸛
雚,驩
雚,讙
雚,顴
雚,勸
雚,罐
雚,權
雚,歡
雚,觀
雚,飌
雚,貛
雚,䝔
雚,蠸
雚,瓘
翰,瀚
舍,舘
舍,舒
舍,舖
柬,諫
柬,煉
柬,揀
柬,鶫
柬,鰊
柬,闌
柬,楝
柬,練
柬,鍊
柬,瑓
嵒,癌
雁,贋
雁,軅
倠,雁
倠,䧹
鴈,贗
毅,藙
豙,毅
癸,葵
癸,揆
癸,騤
癸,闋
癸,鄈
癸,睽
癸,戣
耆,鰭
耆,嗜
耆,蓍
耆,鬐
耆,螧
耆,搘
鞠,蘜
矞,橘
矞,鷸
矞,譎
矞,驈
矞,鱊
矞,鐍
矞,霱
矞,遹
矞,繘
矞,璚
矞,瞲
矞,憰
旣,廐
旣,曁
旣,蔇
旣,摡
皀,廏
皀,卽
皀,旣
韭,韮
韭,齏
韭,韲
韭,薤
韭,䪡
韭,韰
韭,韱
韭,韯
渠,蕖
渠,璖
渠,磲
洰,渠
禦,籞
亨,烹
劫,蜐
匡,框
匡,筐
匡,誆
匡,軭
匡,眶
匡,恇
卽,卿
卽,喞
卽,鯽
卽,莭
卽,蝍
呑,喬
畺,彊
畺,橿
畺,僵
畺,薑
畺,疆
畺,麠
畺,韁
畺,繮
畺,壃
畺,疅
鄕,饗
鄕,嚮
鄕,響
鄕,鱜
鄕,薌
鄕,蠁
殸,馨
殸,磬
殸,謦
殸,聲
殸,鏧
殸,罄
殸,䅽
禽,檎
禽,擒
欣,掀
欽,撳
矩,榘
弘,泓
弘,鞃
弘,紭
巠,頸
巠,剄
巠,勁
巠,脛
巠,痙
巠,逕
巠,徑
巠,經
巠,莖
巠,輕
巠,陘
巠,誙
巠,䞓
巠,踁
巠,硜
戟,撠
厥,蕨
厥,蹶
厥,獗
厥,鱖
厥,鷢
厥,鐝
厥,蹷
厥,憠
厥,撅
卷,倦
卷,捲
卷,惓
卷,蜷
卷,綣
卷,圈
卷,鬈
卷,錈
卷,踡
卷,箞
卷,菤
卷,裷
卷,睠
牽,縴
鹵,鹸
鹵,鹹
鹵,滷
鹵,鹽
鹵,鹼
鹵,鹺
鹵,鹻
鹵,磠
彥,諺
彥,偐
彥,顏
彥,齴
彥,遃
姑,菇
亙,恆
亙,䱍
亙,絚
宏,浤
宏,鋐
宏,綋
宏,硡
巳,巷
巳,熈
巳,祀
巳,囘
巳,篹
巳,戺
巳,攺
晃,幌
晃,滉
晃,鎤
晃,縨
晃,愰
庚,鶊
庚,賡
皐,槹
皐,翶
皐,皡
皐,暭
皋,槔
皋,翱
皋,皞
皋,暤
夲,皋
肴,淆
槀,藁
䲨,鴻
吿,鵠
吿,晧
吿,梏
吿,誥
吿,靠
吿,窖
吿,郜
吿,硞
吿,悎
吿,捁
忽,惚
叉,扠
叉,釵
叉,靫
叉,衩
紗,䔋
犀,遲
犀,穉
神,榊
神,鰰
神,䨩
隡,薩
粲,燦
粲,璨
䋰,纂
祘,蒜
贊,讚
贊,鑽
贊,攢
贊,纘
贊,趲
贊,酇
贊,瓚
贊,䂎
歺,餐
歺,粲
歺,䱗
歺,韰
只,咫
只,枳
只,齞
只,䳅
只,鉙
只,軹
只,疻
孜,㤵
斯,嘶
斯,廝
斯,撕
斯,厮
斯,鐁
斯,簛
斯,蟖
斯,蟴
悉,蟋
悉,窸
芻,趨
芻,雛
芻,鄒
芻,蒭
芻,皺
芻,齺
芻,騶
芻,鶵
芻,謅
芻,篘
芻,縐
芻,㥮
芻,搊
咠,揖
咠,葺
咠,輯
咠,楫
咠,緝
咠,諿
咠,戢
穐,蘒
龝,蘒
龜,龝
龜,鬮
龜,龞
隼,鶽
隼,鎨
疏,蔬
黍,黏
黍,黐
黍,䵑
黍,䵒
鼠,鼬
鼠,竄
鼠,鼢
鼠,鼩
鼠,鼨
鼠,鼪
鼠,鼫
鼠,鼧
鼠,鼥
鼠,䶄
鼠,䶅
鼠,鼯
鼠,鼮
鼠,鼱
鼠,鼴
鼠,鼹
鼠,鼳
鼠,鼲
鼠,鼷
鼠,鼸
鼠,䶉
鼠,鼺
鼠,鼦
鼠,癙
丞,拯
丞,烝
氶,丞
嘗,鱨
敞,廠
敞,厰
敞,幤
疌,捷
疌,睫
疌,箑
疌,萐
疌,蜨
梢,䈾
條,篠
條,滌
條,鰷
條,縧
條,蓧
靑,錆
靑,鯖
靑,倩
靑,蜻
靑,猜
靑,睛
靑,菁
靑,靜
靑,鼱
靑,鶄
靑,靕
靑,靘
靑,靗
靑,靚
靑,靛
靑,箐
靑,綪
靑,䑶
靜,瀞
鄭,擲
鄭,躑
奠,鄭
粟,憟
晋,縉
晋,戬
秦,榛
秦,蓁
秦,臻
秦,轃
秦,螓
秦,瑧
盡,儘
盡,燼
盡,贐
盡,壗
盡,藎
塵,薼
刄,靱
刄,籾
刄,仭
刄,剏
刄,扨
刄,劔
刄,剱
刄,釼
刄,衂
穌,蘇
厨,蹰
厨,蟵
廚,躕
杜,荰
翠,璻
惢,蕊
惢,繠
歮,蕋
歮,澁
橤,蘂
吋,壽
屑,糏
屑,碿
箭,擶
㐄,舛
㐄,韋
㐄,夅
㐄,舝
賤,濺
閃,㨛
曾,噌
曾,甑
曾,僧
曾,層
曾,憎
曾,贈
曾,增
曾,鬙
曾,鱛
曾,譄
曾,蹭
曾,繒
曾,罾
曾,䰝
曾,矰
曾,磳
丵,叢
丵,鑿
丵,糳
黽,竈
黽,蠅
黽,鼇
黽,鼈
黽,繩
黽,黿
黽,鼂
黽,鼃
黽,䵷
黽,鼅
黽,䵹
黽,鼉
黽,鄳
黽,憴
怱,葱
怱,偬
怱,愡
怱,騘
怱,鍯
怱,緫
怱,揔
怱,聦
怱,䆫
怱,牎
數,藪
數,籔
數,擻
蚤,騷
蚤,搔
蚤,鰠
蚤,糔
蚤,瑵
蚤,瘙
蚤,慅
㕚,蚤
參,鰺
參,滲
參,驂
參,蔘
參,慘
參,鬖
參,醦
參,篸
參,糝
參,縿
參,襂
參,瘮
參,磣
參,穇
參,摻
隋,橢
隋,墮
隋,隳
隋,憜
豖,啄
豖,冢
豖,琢
豖,諑
豖,瘃
豖,硺
豖,㧻
睪,鐸
睪,懌
睪,繹
睪,睾
睪,譯
睪,澤
睪,擇
睪,釋
睪,驛
睪,醳
睪,襗
睪,斁
睪,歝
難,灘
難,儺
難,攤
難,臡
難,癱
難,戁
雉,薙
雩,樗
雩,謣
雩,鄠
雩,摴
豬,瀦
猪,潴
猪,蕏
叕,綴
叕,畷
叕,啜
叕,輟
叕,錣
叕,鵽
叕,餟
叕,醊
叕,罬
叕,蝃
叕,裰
叕,惙
叕,掇
叕,敠
鼎,鼑
鼎,鼐
鼎,鼏
鼎,鼒
鼎,䵻
狄,荻
狄,逖
狄,悐
甜,憇
廛,纏
廛,躔
㕓,纒
㕓,壥
兔,菟
兔,冤
兔,寃
兔,逸
兜,篼
镸,套
镸,肆
镸,髟
镸,镹
镸,隂
镸,蕻
镸,瓺
宕,菪
壽,檮
壽,濤
壽,儔
壽,擣
壽,躊
壽,籌
壽,疇
壽,鑄
壽,禱
壽,魗
壽,隯
壽,譸
壽,軇
壽,醻
壽,翿
壽,璹
壽,懤
蕩,蘯
禿,鵚
禿,頹
禿,痜
禿,穨
敦,暾
敦,鐓
敦,燉
敦,鐜
敦,譈
敦,憝
敦,憞
稗,薭
駁,礟
爻,駁
爻,黌
爻,鷽
爻,學
爻,爼
爻,覺
爻,鱟
爻,覐
爻,訤
爻,䡈
爻,礐
旲,莫
匪,榧
匪,篚
匪,㥱
㢶,弼
畢,蹕
畢,篳
畢,韠
畢,鞸
畢,饆
畢,䟆
畢,蓽
畢,襅
畢,㻫
翏,謬
翏,勠
翏,寥
翏,廖
翏,戮
翏,摎
翏,樛
翏,膠
翏,鏐
翏,繆
翏,醪
翏,蓼
翏,髎
翏,鷚
翏,飂
翏,賿
翏,轇
翏,鄝
翏,蟉
翏,璆
翏,疁
翏,瘳
翏,磟
翏,穋
翏,憀
斌,贇
頻,瀕
頻,顰
頻,蘋
匍,葡
囟,篦
囟,瑙
囟,蓖
囟,貔
囟,惱
囟,碯
囟,腦
囟,䪿
囟,鎞
囟,䢉
囟,螕
囟,磇
囟,硇
囟,恖
珀,碧
萠,蒯
牟,鉾
牟,鴾
牟,桙
牟,眸
牟,麰
牟,蛑
牟,恈
蒙,朦
蒙,曚
蒙,檬
蒙,濛
蒙,艨
蒙,矇
蒙,䰒
蒙,䴌
蒙,鸏
蒙,饛
蒙,蠓
蒙,礞
蒙,懞
冡,蒙
㣎,穆
吴,俣
耶,爺
耶,揶
耶,椰
耶,鎁
尢,尤
尢,无
尢,拋
涌,慂
蘭,韊
蘭,钄
蘭,糷
蘭,襽
劉,嚠
劉,瀏
劉,䬟
劉,懰
亮,喨
梁,簗
刅,梁
刅,粱
刅,刱
刅,䘐
稜,薐
婁,僂
婁,螻
婁,簍
婁,鏤
婁,縷
婁,髏
婁,褸
婁,瘻
婁,窶
婁,樓
婁,數
婁,屢
婁,軁
婁,耬
婁,蔞
婁,甊
婁,慺
婁,摟
厲,礪
厲,蠣
厲,糲
厲,勵
丱,聯
丱,關
魯,櫓
魯,艪
魯,鑥
魯,穭
棥,欝
棥,樊
盇,葢
盇,豓
麥,麪
麥,麩
麥,麭
麥,麴
麥,麵
麥,麧
麥,麨
麥,麬
麥,䴸
麥,麮
麥,䴴
麥,䴵
麥,麰
麥,䴹
麥,麯
麥,䴺
麥,麳
麥,麷
麥,䵄
丏,麪
丏,眄
丏,髩
罡,堽
畱,璢
畱,澑
畱,驑
畱,飅
畱,鐂
畱,羀
畱,癅
雜,囃
丐,鈣
丕,胚
丕,駓
丕,髬
丕,魾
丕,䲹
丕,豾
丕,邳
丕,苤
丕,秠
丕,抷
㐭,亶
㐭,稟
㐭,禀
仍,芿
仄,昃
俎,葅
兒,倪
兒,鯢
兒,霓
兒,麑
兒,鬩
兒,猊
兒,睨
兒,貎
兒,䦧
兒,鶂
兒,鶃
兒,輗
兒,郳
兒,䍲
兒,蜺
兒,掜
倩,蒨
兩,倆
兩,魎
兩,輛
兩,裲
兩,緉
兩,蜽
兩,掚
效,傚
區,傴
區,嘔
區,嫗
區,嶇
區,甌
區,謳
區,樞
區,奩
區,歐
區,毆
區,驅
區,鷗
區,軀
區,饇
區,䧢
區,貙
區,蓲
區,摳
區,敺
僉,匳
僉,嶮
僉,斂
僉,臉
僉,歛
僉,簽
僉,瞼
僉,劍
僉,劔
僉,劒
僉,儉
僉,檢
僉,險
僉,驗
僉,鹼
僉,顩
僉,鐱
僉,譣
僉,醶
僉,薟
僉,礆
僉,憸
僉,撿
堯,僥
堯,嶢
堯,撓
堯,蟯
堯,橈
堯,澆
堯,驍
堯,磽
堯,鐃
堯,繞
堯,饒
堯,蕘
堯,遶
堯,翹
堯,曉
堯,燒
堯,髐
堯,趬
堯,蹺
堯,襓
堯,憢
堯,皢
朁,僭
朁,簪
朁,譖
朁,潛
朁,蠶
朁,鐕
朁,㿊
朁,憯
朁,撍
雋,儁
雋,鐫
雋,嶲
雋,觹
雋,懏
雋,擕
齊,儕
齊,擠
齊,齎
齊,霽
齊,躋
齊,臍
齊,纃
齊,齏
齊,薺
齊,濟
齊,齋
齊,劑
齊,齌
齊,齍
齊,鱭
齊,䭣
齊,隮
齊,蠐
齊,癠
齊,穧
齊,懠
畾,儡
畾,罍
畾,疉
畾,疊
畾,壘
畾,櫑
畾,鼺
畾,鸓
畾,靁
畾,讄
畾,纍
畾,藟
畾,礧
畾,礨
畾,攂
嚴,儼
嚴,巖
嚴,讝
嚴,釅
黨,儻
黨,钂
黨,讜
黨,矘
黨,戃
黨,攩
兌,蛻
兌,駾
兌,鮵
兌,銳
兌,閱
兌,說
兌,莌
兌,裞
兌,稅
兌,悅
兌,挩
兌,敓
巜,兪
巜,粼
冀,驥
冀,懻
冃,冑
冃,冕
冃,冐
稟,凜
稟,廩
稟,懍
禀,凛
禀,懔
剌,喇
剌,溂
剌,鬎
剌,蝲
剌,瘌
剪,謭
巢,剿
巢,勦
巢,樔
巢,䲃
巢,鏁
巢,隟
巢,鄛
巢,繅
巢,罺
巢,璅
巢,窼
巢,摷
匆,怱
甸,蜔
匐,蔔
匣,筪
匱,櫃
匱,鑎
尨,厖
尨,駹
尨,蛖
尨,痝
尨,硥
欮,厥
欮,闕
欮,瘚
么,簒
么,麽
叟,嫂
叟,溲
叟,艘
叟,搜
叟,瘦
叟,颼
叟,鎪
叟,鄋
叟,螋
叟,瞍
燮,躞
吁,䵹
內,吶
吝,悋
吝,麐
咎,鼛
咎,綹
咎,晷
处,咎
处,昝
亏,咢
亏,夸
亏,雩
亏,迃
亏,䊸
臽,啗
臽,閻
臽,諂
臽,餡
臽,陷
臽,焰
臽,埳
臽,䱤
臽,輡
臽,萏
臽,窞
臽,惂
臽,掐
彖,喙
彖,掾
彖,蠡
彖,椽
彖,篆
彖,緣
彖,蝝
彖,褖
彖,瑑
彖,盠
嗇,檣
嗇,牆
嗇,艢
嗇,薔
嗇,穡
嗇,墻
嗇,轖
嗇,懎
蚩,嗤
眞,嗔
眞,鷆
眞,瞋
眞,槇
眞,鎭
眞,愼
眞,顚
眞,塡
眞,黰
眞,鬒
眞,傎
眞,闐
眞,蹎
眞,縝
眞,衠
眞,瑱
眞,瘨
眞,磌
眞,禛
眞,稹
欶,嗽
欶,漱
欶,鏉
欶,遬
欶,簌
欶,蔌
欶,瘶
壹,噎
壹,懿
壹,饐
壹,殪
壹,鷧
壹,㦤
壹,撎
觜,嘴
觜,蟕
肅,嘯
肅,簫
肅,蕭
肅,繡
肅,驌
肅,鱐
肅,鷫
肅,鏽
肅,蟰
筮,噬
筮,簭
蒿,嚆
疐,嚏
囂,䖀
聶,囁
聶,懾
聶,躡
聶,鑷
聶,顳
聶,攝
聶,讘
聶,襵
轉,囀
藝,囈
藝,讛
藝,襼
圜,攌
亞,堊
亞,壼
亞,椏
亞,錏
亞,惡
亞,啞
亞,瘂
亞,掗
亞,斵
炏,塋
虛,墟
虛,歔
虛,噓
虛,驉
虛,魖
虛,覷
虛,譃
虛,虡
虛,戱
㕡,壑
廣,壙
廣,曠
廣,礦
廣,鑛
廣,擴
廣,鄺
廣,纊
廣,穬
廣,懬
廣,懭
廣,兤
夐,瓊
夾,浹
夾,筴
夾,鋏
夾,陜
夾,莢
夾,峽
夾,挾
夾,狹
夾,俠
夾,頰
夾,鵊
夾,郟
夾,匧
夾,蛺
夾,裌
夾,瘞
夾,䀹
夾,硤
奎,蝰
奎,睳
奚,蹊
奚,谿
奚,鷄
奚,溪
奚,鼷
奚,騱
奚,雞
奚,鞵
奚,謑
奚,豀
奚,螇
奚,磎
壯,奘
壯,弉
壯,莊
壯,裝
壯,銺
奢,撦
甹,娉
甹,騁
甹,聘
焉,嫣
焉,篶
焉,鄢
焉,蔫
閒,嫺
閒,繝
閒,燗
閒,癇
閒,㵎
閒,鬜
閒,鷳
閒,鐗
閒,覵
閒,譋
閒,蕑
閒,襉
閒,瞯
閒,礀
閒,憪
閒,撊
單,嬋
單,憚
單,闡
單,襌
單,鄲
單,殫
單,彈
單,禪
單,戰
單,簞
單,蟬
單,驒
單,鱓
單,觶
單,譂
單,軃
單,辴
單,繟
單,蘄
單,癉
單,磾
單,撣
賴,嬾
賴,懶
賴,籟
賴,獺
賴,癩
賴,藾
賴,瀨
賴,襰
韱,孅
韱,懺
韱,籤
韱,讖
韱,殲
韱,纖
韱,鑯
韱,襳
韱,攕
寇,簆
攴,寇
攴,敲
攴,冦
攴,敍
攴,鼔
攴,敁
攴,敧
攴,敠
攴,敺
攴,敽
攴,斅
屠,䠧
孱,潺
孱,轏
孨,孱
屮,艸
屮,芻
屮,㞢
屮,雟
屮,詜
屮,辥
屮,㪿
爭,崢
爭,箏
爭,錚
爭,諍
爭,淨
爭,靜
爭,琤
爭,睜
爭,竫
爭,掙
與,嶼
與,歟
與,擧
與,舉
與,譽
與,鱮
與,鸒
與,轝
與,籅
與,藇
與,璵
與,礜
與,穥
與,㦛
與,懙
與,旟
毚,巉
毚,纔
毚,讒
毚,饞
毚,鑱
毚,攙
魏,巍
魏,蘶
顚,巓
顚,癲
䜌,巒
䜌,彎
䜌,攣
䜌,鸞
䜌,欒
䜌,臠
䜌,鑾
䜌,蠻
䜌,戀
䜌,變
䜌,羉
䜌,矕
巫,筮
巫,誣
巫,覡
巫,鵐
巫,靈
國,幗
國,膕
國,摑
國,簂
國,蟈
國,爴
幵,栞
幵,姸
幵,筓
幵,銒
幵,豣
幵,趼
幵,郉
幵,蚈
幵,硏
麼,懡
盧,廬
盧,鱸
盧,櫨
盧,臚
盧,轤
盧,驢
盧,鑪
盧,艫
盧,顱
盧,蘆
盧,瀘
盧,爐
盧,黸
盧,鸕
盧,髗
盧,籚
盧,纑
盧,罏
盧,瓐
盧,矑
雝,廱
雝,癰
弭,麛
弭,葞
彎,灣
徙,蹝
徙,簁
徙,縰
徙,蓰
徙,褷
徙,㿅
歨,徙
䍃,徭
䍃,鷂
䍃,瑤
䍃,遙
䍃,搖
䍃,窰
䍃,謠
䍃,鰩
䍃,颻
䍃,䬙
䍃,繇
䍃,䁘
旱,悍
旱,捍
旱,桿
旱,駻
旱,稈
旱,亁
旱,銲
旱,貋
旱,趕
旱,睅
旱,猂
旱,晘
衍,愆
衍,餰
敃,愍
殷,慇
殷,磤
氣,愾
氣,餼
從,慫
從,樅
從,蹤
從,聳
從,縱
從,鏦
從,豵
從,䡮
從,篵
從,蓯
從,䗥
從,瘲
從,摐
猌,憖
馮,憑
閔,憫
詹,憺
詹,蟾
詹,檐
詹,澹
詹,簷
詹,譫
詹,瞻
詹,贍
詹,擔
詹,膽
詹,黵
詹,韂
詹,䪜
詹,舚
詹,薝
詹,襜
詹,甔
楙,懋
滿,懣
韯,懴
韯,籖
韯,殱
韯,纎
韯,䜟
瞿,懼
瞿,矍
瞿,衢
瞿,鸜
瞿,蠷
瞿,癯
截,蠘
戶,扁
戶,芦
戶,馿
戶,魲
戶,鳸
戶,肁
戶,肈
戶,戹
戶,戺
戶,戾
戶,戽
戶,扃
戶,扂
戶,扆
戶,扅
戶,扄
戶,扊
戶,昈
戶,晵
扈,滬
扈,簄
扎,紥
卞,抃
卞,飰
卞,笇
卞,忭
拑,箝
拿,鎿
挈,䤿
圼,捏
圼,涅
專,摶
專,磚
專,甎
專,蓴
專,傳
專,慱
專,槫
專,轉
專,團
專,鱄
專,鏄
專,鄟
專,篿
專,縳
專,竱
發,撥
發,癈
發,廢
發,潑
發,醱
發,驋
發,鱍
發,鏺
發,蹳
發,蕟
發,襏
勞,撈
勞,癆
勞,髝
勞,鐒
勞,軂
勞,簩
勞,耮
勞,蟧
勞,憥
臺,擡
臺,薹
樂,擽
樂,櫟
樂,轢
樂,礫
樂,鑠
樂,爍
樂,藥
樂,躒
樂,皪
攀,襻
樊,攀
樊,礬
樊,蠜
襄,攘
襄,曩
襄,驤
襄,禳
襄,釀
襄,壤
襄,孃
襄,穰
襄,讓
襄,鬤
襄,饟
襄,鑲
襄,纕
襄,蘘
襄,蠰
襄,瓖
襄,瓤
襄,懹
攣,癴
矍,攫
矍,钁
矍,躩
矍,籰
矍,蠼
矍,䂄
矍,戄
覽,攬
覽,欖
覽,纜
龠,籥
龠,鑰
龠,龥
龠,龣
龠,鸙
龠,䶵
龠,禴
黑,黔
黑,黜
黑,黝
黑,黠
黑,黥
黑,黯
黑,黴
黑,黶
黑,黷
黑,點
黑,黨
黑,默
黑,墨
黑,黕
黑,黚
黑,黱
黑,黟
黑,黣
黑,黤
黑,黦
黑,䵟
黑,黧
黑,黭
黑,黬
黑,黮
黑,黰
黑,黳
黑,黵
黑,黸
賣,黷
賣,犢
賣,牘
賣,覿
賣,贖
賣,竇
賣,續
賣,讀
賣,瀆
賣,韇
賣,鑟
賣,贕
賣,藚
賣,瓄
黎,藜
黎,邌
黎,瓈
斛,槲
斛,蔛
齒,齔
齒,齣
齒,齟
齒,齠
齒,齦
齒,齧
齒,齬
齒,齪
齒,齷
齒,齲
齒,齶
齒,齡
齒,嚙
齒,齾
齒,齓
齒,齕
齒,齖
齒,齘
齒,齗
齒,䶗
齒,齞
齒,齴
齒,齚
齒,齰
齒,齱
齒,齭
齒,齳
齒,齵
齒,齺
齒,齻
齒,齽
齒,齼
齒,鑡
齧,囓
㡀,敝
㡀,黹
㡀,䳤
斂,瀲
斂,籢
斂,蘞
黹,黻
黹,黼
敄,鶩
敄,騖
敄,鞪
敄,鍪
敄,霚
敄,蝥
敄,瞀
敄,愗
毳,橇
毳,撬
甾,鯔
甾,輜
甾,錙
甾,緇
甾,菑
眔,鰥
眔,遝
眔,褱
眔,瘝
晏,鼹
晏,鷃
旻,閺
晨,鷐
羲,曦
羲,犧
閭,櫚
閭,䕡
閻,讇
䦚,濶
狊,闃
狊,鶪
狊,鼳
闌,瀾
闌,爛
闌,襴
闌,欄
闌,䪍
闌,鑭
闌,讕
闌,躝
闌,籣
闌,瓓
闌,攔
闌,斕
虖,罅
沛,霈
沾,霑
沾,惉
歷,靂
歷,櫪
歷,瀝
歷,癧
歷,轣
歷,藶
歷,礰
歷,攊
貍,霾
朶,躱
朶,跥
匛,柩
㞢,蚩
㞢,旹
吳,蜈
吳,麌
吳,茣
吳,鋘
吳,悞
䖵,蝨
䖵,螽
䖵,蠢
䖵,蠡
䖵,蠹
䖵,蠧
䖵,蟲
䖵,蠶
䖵,蝱
䖵,蠺
䖵,蟁
䖵,䘀
䖵,蠭
䖵,蟊
䖵,蠚
䖵,蟸
䖵,䘌
䖵,螙
⺄,虱
⺄,丮
蝎,蠍
郞,螂
郞,榔
郞,瑯
郞,廊
郞,蓈
莽,蟒
莾,蠎
當,蟷
當,礑
當,鐺
當,襠
當,簹
當,璫
當,擋
榮,蠑
榮,鑅
蠡,攭
蟲,蠱
巵,梔
梟,鄡
棘,蕀
棘,襋
㚇,椶
㚇,騣
㚇,鬉
㚇,鬷
㚇,鯼
㚇,鍐
㚇,糉
㚇,緵
㚇,葼
㚇,稯
㚇,惾
檗,蘗
薛,蘖
薛,糵
擧,欅
擧,襷
擧,㩮
霝,櫺
霝,靈
霝,龗
霝,麢
霝,䡼
霝,酃
霝,醽
霝,蘦
胙,葄
脩,鏅
脩,蓨
臾,腴
臾,諛
臾,萸
臾,䝿
臾,瘐
臾,惥
臾,斞
貳,膩
匃,曷
蹇,攓
舀,蹈
舀,韜
舀,滔
舀,稻
舀,鞱
舀,饀
舀,謟
舀,轁
舀,縚
舀,瑫
舀,慆
舀,搯
㒼,蹣
㒼,瞞
㒼,滿
㒼,顢
㒼,鏋
㒼,蟎
㒼,璊
㒼,慲
藺,躪
藺,轥
閵,躙
閵,藺
萃,膵
巤,臘
巤,鬣
巤,鑞
巤,獵
巤,蠟
巤,㲱
巤,鱲
巤,躐
巤,邋
巤,擸
將,漿
將,鏘
將,奬
將,獎
將,蔣
將,醬
將,鱂
將,蹡
將,螿
沐,霂
沮,菹
猋,飆
猋,飇
眇,渺
眇,緲
拜,湃
圂,溷
圂,慁
滂,霶
袞,滾
羕,漾
羕,樣
覃,潭
覃,簟
覃,鐔
覃,譚
覃,蕈
覃,驔
覃,鱏
覃,鷣
覃,贉
覃,醰
覃,罈
覃,蟫
覃,磹
覃,禫
覃,憛
寫,瀉
嬴,瀛
嬴,籝
蕭,瀟
蕭,蠨
彌,瀰
軋,錷
輅,簵
耴,輒
耴,鮿
耴,銸
駮,礮
聚,驟
聚,鄹
匤,筺
筴,擌
㧜,箍
㓣,箚
匧,篋
匧,陿
匧,愜
匧,㥦
㞋,赧
麕,攟
臿,歃
臿,插
翕,歙
翕,闟
翕,蹹
翕,㩉
肆,蕼
霍,癨
霍,鸖
霍,籗
霍,藿
霍,皬
霍,矐
霍,礭
霍,攉
虽,雖
箴,鱵
瑟,飋
瑟,璱
彔,碌
彔,祿
彔,綠
彔,錄
彔,剝
彔,龣
彔,騄
彔,逯
彔,醁
彔,箓
彔,粶
彔,菉
彔,琭
彔,盝
彔,睩
砳,磊
銜,㘅
芒,鋩
芒,硭
芒,恾
惡,鐚
惡,癋
惡,僫
紂,葤
絮,蕠
昬,緡
昬,瑉
昬,惽
晉,縉
晉,瑨
晉,戩
晉,搢
縢,籘
縢,䕨
絭,縢
縻,醿
縻,䕷
縵,蘰
强,繦
頡,纈
頡,襭
頡,擷
頝,纐
牪,犇
熏,醺
熏,燻
熏,勳
熏,薰
熏,纁
熏,䙧
耿,褧
聑,聶
甄,薽
煖,蕿
昫,煦
巸,熙
巸,煕
豩,燹
豩,豳
㿽,諡
㿽,䤈
畟,謖
畟,稷
畟,禝
訇,鞫
訇,鍧
訇,輷
訇,揈
爲,譌
爲,僞
爲,䦱
爲,蔿
爲,蘤
爲,䃣
爲,撝
雔,讐
雔,雙
雔,靃
鬥,鬨
鬥,鬩
鬥,鬮
鬥,鬧
鬥,鬪
鬥,鬫
鬥,䰗
鬥,鬭
鬥,鬦
袿,褂
虒,褫
虒,遞
虒,鷉
虒,謕
虒,蹏
虒,篪
虒,䶵
虒,螔
虒,搋
應,軈
勒,鰳
羌,羗
羌,蜣
吂,羸
吂,贏
吂,驘
吂,蠃
秃,頽
兮,盻
眷,慻
䀠,瞿
䀠,愳
䀠,㪺
屬,矚
屬,囑
屬,钃
屬,䠱
屬,䙱
屬,斸
㚒,陝
陟,騭
步,陟
步,涉
步,徏
步,踄
㬎,隰
㬎,顯
㬎,濕
㬎,韅
啚,鄙
啚,圖
萬,癘
萬,邁
萬,贎
萬,躉
萬,蠆
萬,蠇
糜,醾
籴,糴
粜,糶
殄,餮
號,饕
艸,茻
艾,砹
韲,虀
丫,韲
丫,齊
茲,孶
茲,鰦
茲,甆
茲,礠
茲,稵
刕,茘
汒,茫
靡,釄
靡,蘼
靡,䃺
㐆,殷
泙,萍
皅,葩
竘,蒟
帶,蔕
帶,滯
帶,蹛
帶,遰
帶,艜
帶,螮
帶,慸
帶,㦅
帶,摕
魝,薊
溫,薀
耦,藕
縕,蘊
賈,價
來,賚
來,麥
來,徠
來,萊
來,騋
來,鶆
來,麳
來,錸
來,逨
來,郲
來,睞
來,憗
來,斄
贏,籯
贔,屭
臧,贓
臧,藏
遐,蕸
遽,籧
遽,蘧
歲,穢
歲,鱥
歲,顪
歲,翽
歲,薉
㓁,罕
䩭,羇
䩭,覉
䩻,羈
䩻,覊
翦,譾
翳,蘙
翳,蠮
殹,翳
殹,醫
殹,黳
殹,鷖
殹,繄
殹,瑿
殹,瞖
竄,鑹
竄,攛
舂,憃
舂,摏
虔,鰬
雐,虧
戕,臧
浂,渕
鷄,鸂
驫,䯂
騳,驫
乘,剩
學,斅
册,删
遀,髓
遀,膸
遀,隨
垚,堯
邊,籩
臱,邊
蓺,藝
贈,囎
惠,穗
惠,鏸
惠,譓
惠,繐
惠,蕙
惠,蟪
惠,僡
惠,憓
幷,餠
幷,屛
幷,腁
幷,騈
幷,逬
幷,骿
幷,輧
幷,荓
幷,甁
戀,纞
㡭,繼
㡭,斷
勳,蘍
聽,廳
獻,齾
獻,讞
獻,瓛
鬳,獻
鬳,甗
嘼,獸
宐,疉
擇,籜
擇,蘀
巂,攜
巂,䪎
巂,觿
巂,酅
巂,蠵
厽,參
厽,亝
厽,絫
絲,鷥
悤,總
悤,聰
悤,驄
悤,鏓
悤,摠
悤,蔥
悤,璁
悤,窻
悤,牕
悤,憁
杰,錰
拔,菝
莊,糚
錢,籛
恆,䱭
恆,緪
藏,臟
䙳,樮
祿,簶
竝,傡
⺻,盡
襾,覉
禼,竊
网,羀
网,䒽
輕,鑋
竒,嵜
懷,蘹
褱,懷
褱,壞
褱,瓌
皂,梍
珤,寶
珎,寳
爯,稱
稾,藳
觀,欟
雙,䝄
雙,艭
雙,㩳
團,糰
對,薱
對,懟
凷,屆
黃,廣
黃,橫
黃,黋
䖒,戲
䖒,覻
舉,攑
收,荍
厸,晉
厸,斚
緣,櫞
壳,殼
滯,懘
歰,澀
歰,譅
㬱,濳
㬱,㦧
㥯,穩
㥯,隱
囱,窗
囱,悤
誩,譱
誩,譶
脉,霡
萑,舊
豐,艷
豐,麷
豐,靊
豐,酆
豐,豓
豐,豔
淩,蔆
衞,讏
衞,躛
讀,讟
兟,贊
隱,讔
隱,癮
柰,隸
每,侮
每,悔
每,敏
每,梅
每,海
每,黣
每,霉
每,酶
每,䋣
每,畮
每,挴
卑,碑
墨,纆
徵,懲
徵,癥
祖,鎺
寬,髖
萈,寬
厤,曆
厤,歷
厤,㽁
厤,磿
戾,淚
戾,錑
戾,䓞
戾,悷
錄,籙
囊,齉
囊,攮
芮,蜹
辥,櫱
辥,糱
辥,蠥
㩅,籒
冄,髥
冄,䫇
冄,耼
冄,䑙
冄,蚦
冄,衻
豔,灩
澧,灎
龥,籲
茾,荆
俞,榆
麇,攈
弇,黭
弇,葊
弇,揜
㽞,鼉
丌,畀
丌,畁
丯,砉
吕,丳
吕,稆
邕,齆
邕,雝
虘,齇
虘,覰
虘,皻
虘,摣
兦,㤀
亯,醕
亯,㥫
亯,㪟
丣,駵
丣,畱
砉,騞
槖,驝
龱,鬛
龱,囟
兓,鬵
瞢,䲛
瞢,矒
瞢,懵
鮝,鰧
噩,鱷
噩,讍
噩,蘁
䲆,鱻
酓,䨄
酓,㱃
酓,盦
鷊,虉
麀,䥝
麃,鑣
麃,䮽
麃,藨
麃,皫
麃,穮
麃,㩠
严,䴡
㦰,韱
頹,㿗
恖,顖
桒,䫙
叜,䬒
叜,䤹
焱,飈
耎,餪
耎,陾
耎,輭
耎,稬
耎,緛
耎,蝡
耎,碝
耎,愞
耎,㨎
尒,鉩
尒,苶
叵,鉕
丢,銩
忒,鋱
扳,鋬
臬,鎳
臬,闑
臬,臲
產,鏟
灭,錽
鍂,鑫
众,閦
斲,鬭
闒,躢
啟,闙
闞,矙
戹,阸
戹,軶
戹,㧖
隂,䕃
卝,雈
卝,羋
卝,芈
卝,羐
雥,雧
嶲,觽
鵭,靎
䳡,靍
㠩,詤
諼,蘐
奊,䜁
佘,賒
佘,畲
㝁,賯
㝁,箰
㝁,惸
贛,戇
贑,戅
叐,䟦
叐,㧞
躳,竆
朵,躲
卣,逌
屖,遟
屖,稺
㡿,㴑
㖾,遻
㖾,㦍
䌛,邎
邛,筇
卭,笻
卭,昻
盎,醠
舋,斖
㮊,壄
畀,箅
畀,痹
畀,睤
篙,㰏
捎,䈰
捭,篺
盙,簠
虡,簴
撿,籡
纍,纝
纍,虆
剡,罽
羴,羼
臯,翺
臯,皥
臸,㬜
仑,芲
囧,莔
囧,朙
涖,蒞
圅,䓿
㓩,葪
枲,葈
㘸,塟
夎,蓌
淸,蔳
㼌,蓏
㼌,窳
焊,蔊
洴,蓱
甤,蕤
棃,蔾
媷,薅
戢,蕺
戢,擑
敻,藑
敻,矎
稨,藊
皛,藠
皛,皨
櫐,蘽
漅,薻
廪,䕲
醀,蘸
嚻,虈
玆,螆
䖭,螣
皕,衋
褰,攐
奭,襫
彘,璏
畂,畞
恝,瘛
㤲,瘱
㿟,皛
禸,离
禸,禼
㐫,离
卤,禼
穵,挖
窐,漥
你,您
徝,憄
兊,恱
䖏,㩀
宂,抭
牚,撐
叅,撡
婴,撄
夰,昦
旾,萅
